subject,family,systemic,noise_model,chromo,n_channels,n_regressors,r2_med,r2_adj_med,resid_rms_med
sub-01,none,short_avg,ols,HbO,20,32,0.13361057802667037,0.13245325169921857,0.4658435632916249
sub-01,none,short_avg,ols,HbR,20,32,0.5484730746634512,0.5478699232571758,0.3158870932137521
sub-02,none,short_avg,ols,HbO,20,32,0.0792346991715892,0.07772012184347282,0.5903587262173907
sub-02,none,short_avg,ols,HbR,20,32,0.48739695690621154,0.4865537703235995,0.27085141111989697
sub-03,none,short_avg,ols,HbO,20,32,0.6578898525753456,0.6573270221040743,0.6764843795893507
sub-03,none,short_avg,ols,HbR,20,32,0.19334889966031865,0.19202181882868197,0.32859145991809
sub-04,none,short_avg,ols,HbO,20,32,0.8739232321929857,0.8737539576552398,0.4849106235342596
sub-04,none,short_avg,ols,HbR,20,32,0.26972083394409724,0.2687403387235276,0.1275716377306021
sub-05,none,short_avg,ols,HbO,20,32,0.414348447790731,0.41355823242104706,0.375176061754086
sub-05,none,short_avg,ols,HbR,20,32,0.3412584603273507,0.34036962517044744,0.18022875040195313
sub-01,poly:1,short_avg,ols,HbO,20,33,0.44932701252737467,0.44856765996342035,0.3756975065572413
sub-01,poly:1,short_avg,ols,HbR,20,33,0.8715308874974756,0.871353734537031,0.14956278207359158
sub-02,poly:1,short_avg,ols,HbO,20,33,0.6040417579967983,0.6033693958984112,0.37479257523646736
sub-02,poly:1,short_avg,ols,HbR,20,33,0.6274212854362561,0.6267886232518018,0.21008798036851392
sub-03,poly:1,short_avg,ols,HbO,20,33,0.885018060035378,0.8848227823536634,0.3549022470573418
sub-03,poly:1,short_avg,ols,HbR,20,33,0.5666147976210978,0.5658787650090542,0.22869659278104273
sub-04,poly:1,short_avg,ols,HbO,20,33,0.9571588631068587,0.9570994852317469,0.2641038369500353
sub-04,poly:1,short_avg,ols,HbR,20,33,0.36796795060132564,0.3670919533048617,0.12010474836763421
sub-05,poly:1,short_avg,ols,HbO,20,33,0.6023490138206129,0.6017951341497789,0.31018312774148726
sub-05,poly:1,short_avg,ols,HbR,20,33,0.4905418139582615,0.4898322003971343,0.13399068909785639
sub-01,poly:3,short_avg,ols,HbO,20,35,0.8287703218116615,0.8285194250241075,0.20108238798800182
sub-01,poly:3,short_avg,ols,HbR,20,35,0.9290187988590302,0.9289147926170549,0.11421243307589445
sub-02,poly:3,short_avg,ols,HbO,20,35,0.75279614568446,0.7523500951061695,0.2858079230157937
sub-02,poly:3,short_avg,ols,HbR,20,35,0.7052455014403128,0.7047136512598199,0.19608936553363562
sub-03,poly:3,short_avg,ols,HbO,20,35,0.9019850395089906,0.9018081547607584,0.3127481500051693
sub-03,poly:3,short_avg,ols,HbR,20,35,0.6251870049657982,0.6245105908558638,0.20410938358902536
sub-04,poly:3,short_avg,ols,HbO,20,35,0.983392923504868,0.9833684653656998,0.1613128647115914
sub-04,poly:3,short_avg,ols,HbR,20,35,0.6456298563594622,0.6451079562951905,0.10103718213196188
sub-05,poly:3,short_avg,ols,HbO,20,35,0.6857845557895119,0.6853194972354828,0.25942307089917516
sub-05,poly:3,short_avg,ols,HbR,20,35,0.5222447852961764,0.5215376776303253,0.12522460800188137
sub-01,poly:5,short_avg,ols,HbO,20,37,0.8339100071959308,0.8336523035608585,0.1964422824561321
sub-01,poly:5,short_avg,ols,HbR,20,37,0.9373280872086943,0.9372308460717024,0.10775562746658593
sub-02,poly:5,short_avg,ols,HbO,20,37,0.7873324611231668,0.7869261115982177,0.27400230923636487
sub-02,poly:5,short_avg,ols,HbR,20,37,0.7430955640039099,0.7426046898626296,0.18729919921726282
sub-03,poly:5,short_avg,ols,HbO,20,37,0.9354708091486551,0.935347491871309,0.2784529129509022
sub-03,poly:5,short_avg,ols,HbR,20,37,0.6799859946177962,0.6793744379666783,0.1682813702661023
sub-04,poly:5,short_avg,ols,HbO,20,37,0.9847675298749458,0.9847437745065304,0.14997848637720723
sub-04,poly:5,short_avg,ols,HbR,20,37,0.6894799750640195,0.688995712332357,0.09516295948437624
sub-05,poly:5,short_avg,ols,HbO,20,37,0.7227522403834664,0.722317720603484,0.2339898097945486
sub-05,poly:5,short_avg,ols,HbR,20,37,0.550152110138142,0.5494470807939964,0.11902781380855237
sub-01,dct:0.005,short_avg,ols,HbO,20,61,0.8837382792512631,0.8834373169920119,0.16130431917797416
sub-01,dct:0.005,short_avg,ols,HbR,20,61,0.9576169165755102,0.9575072011123352,0.08382882290037065
sub-02,dct:0.005,short_avg,ols,HbO,20,56,0.8469358354717778,0.8464885647753028,0.24929698715781845
sub-02,dct:0.005,short_avg,ols,HbR,20,56,0.8190656967765966,0.8185369864016478,0.16991989403914814
sub-03,dct:0.005,short_avg,ols,HbO,20,56,0.9437326467364094,0.9435682009938355,0.23141852504714913
sub-03,dct:0.005,short_avg,ols,HbR,20,56,0.7427983768986061,0.7420466850302508,0.15142891432203767
sub-04,dct:0.005,short_avg,ols,HbO,20,61,0.9876409473110613,0.9876087901921828,0.14035181314149808
sub-04,dct:0.005,short_avg,ols,HbR,20,61,0.76885924672522,0.7682578397349127,0.08288924599482683
sub-05,dct:0.005,short_avg,ols,HbO,20,61,0.8254346327779637,0.8249781731757095,0.18793076279855525
sub-05,dct:0.005,short_avg,ols,HbR,20,61,0.6489646879435974,0.6480467885832129,0.10524334198921806
sub-01,dct:0.01,short_avg,ols,HbO,20,91,0.9268226236182389,0.9265381081579677,0.13037385992776893
sub-01,dct:0.01,short_avg,ols,HbR,20,91,0.9688679351579031,0.9687468929151266,0.07338551981675423
sub-02,dct:0.01,short_avg,ols,HbO,20,80,0.8680835966155428,0.8675292080706246,0.22399122731420792
sub-02,dct:0.01,short_avg,ols,HbR,20,80,0.8558062200967893,0.8552002349594154,0.13182099837548497
sub-03,dct:0.01,short_avg,ols,HbO,20,80,0.9490992607821809,0.9488853124768759,0.20897310492527055
sub-03,dct:0.01,short_avg,ols,HbR,20,80,0.7897710468814148,0.7888874029709935,0.14068297466211255
sub-04,dct:0.01,short_avg,ols,HbO,20,91,0.9898019470803886,0.9897620936386706,0.12251818334249698
sub-04,dct:0.01,short_avg,ols,HbR,20,91,0.7891245550850339,0.7883004652004334,0.07251531483608221
sub-05,dct:0.01,short_avg,ols,HbO,20,90,0.8681440705383782,0.867631997504295,0.16078591043852342
sub-05,dct:0.01,short_avg,ols,HbR,20,90,0.6988382690350728,0.6976686833975165,0.09795136852201851
sub-01,dct:0.02,short_avg,ols,HbO,20,150,0.9677971165869931,0.9675893020593592,0.08964006754741669
sub-01,dct:0.02,short_avg,ols,HbR,20,150,0.9830851425618925,0.9829759860909203,0.05636802508188306
sub-02,dct:0.02,short_avg,ols,HbO,20,128,0.8969094256684992,0.8962111588450272,0.18715259177267468
sub-02,dct:0.02,short_avg,ols,HbR,20,128,0.8647518498444134,0.8638357690406929,0.09888620146618304
sub-03,dct:0.02,short_avg,ols,HbO,20,128,0.9603125550476033,0.9600436957363025,0.17929592080804446
sub-03,dct:0.02,short_avg,ols,HbR,20,128,0.8294373597975904,0.8282818973072875,0.11351388791799935
sub-04,dct:0.02,short_avg,ols,HbO,20,150,0.9934053164413752,0.9933625404259542,0.09957387642204518
sub-04,dct:0.02,short_avg,ols,HbR,20,150,0.9286916060371608,0.9282290684593253,0.03794943495039793
sub-05,dct:0.02,short_avg,ols,HbO,20,149,0.9026019534307057,0.9019713247277459,0.13955579268545854
sub-05,dct:0.02,short_avg,ols,HbR,20,149,0.7391893563586053,0.7375006707667369,0.09375203216452437
sub-01,legendre:1,short_avg,ols,HbO,20,33,0.4493270125273747,0.4485676599634204,0.3756975065572413
sub-01,legendre:1,short_avg,ols,HbR,20,33,0.8715308874974756,0.871353734537031,0.14956278207359158
sub-02,legendre:1,short_avg,ols,HbO,20,33,0.6040417579967983,0.6033693958984112,0.3747925752364673
sub-02,legendre:1,short_avg,ols,HbR,20,33,0.6274212854362561,0.6267886232518018,0.21008798036851392
sub-03,legendre:1,short_avg,ols,HbO,20,33,0.885018060035378,0.8848227823536634,0.3549022470573418
sub-03,legendre:1,short_avg,ols,HbR,20,33,0.5666147976210978,0.5658787650090542,0.22869659278104273
sub-04,legendre:1,short_avg,ols,HbO,20,33,0.9571588631068587,0.9570994852317469,0.26410383695003525
sub-04,legendre:1,short_avg,ols,HbR,20,33,0.36796795060132564,0.3670919533048617,0.1201047483676342
sub-05,legendre:1,short_avg,ols,HbO,20,33,0.6023490138206128,0.6017951341497788,0.31018312774148726
sub-05,legendre:1,short_avg,ols,HbR,20,33,0.4905418139582616,0.4898322003971344,0.13399068909785639
sub-01,legendre:3,short_avg,ols,HbO,20,35,0.8287703218116615,0.8285194250241075,0.20108238798800182
sub-01,legendre:3,short_avg,ols,HbR,20,35,0.9290187988590302,0.9289147926170549,0.11421243307589445
sub-02,legendre:3,short_avg,ols,HbO,20,35,0.75279614568446,0.7523500951061695,0.2858079230157937
sub-02,legendre:3,short_avg,ols,HbR,20,35,0.7052455014403128,0.7047136512598199,0.19608936553363562
sub-03,legendre:3,short_avg,ols,HbO,20,35,0.9019850395089906,0.9018081547607584,0.3127481500051693
sub-03,legendre:3,short_avg,ols,HbR,20,35,0.6251870049657982,0.6245105908558638,0.20410938358902536
sub-04,legendre:3,short_avg,ols,HbO,20,35,0.983392923504868,0.9833684653656998,0.1613128647115914
sub-04,legendre:3,short_avg,ols,HbR,20,35,0.6456298563594622,0.6451079562951905,0.10103718213196186
sub-05,legendre:3,short_avg,ols,HbO,20,35,0.6857845557895119,0.6853194972354828,0.25942307089917516
sub-05,legendre:3,short_avg,ols,HbR,20,35,0.5222447852961764,0.5215376776303253,0.12522460800188137
sub-01,bspline:5,short_avg,ols,HbO,20,36,0.8303859344787309,0.8301300842743071,0.2000282256079066
sub-01,bspline:5,short_avg,ols,HbR,20,36,0.9360276962990539,0.935931198836246,0.11243778562817107
sub-02,bspline:5,short_avg,ols,HbO,20,36,0.7825538260448304,0.7821499084093122,0.2752178473044904
sub-02,bspline:5,short_avg,ols,HbR,20,36,0.7356750213701233,0.7351840239042468,0.1907828587990708
sub-03,bspline:5,short_avg,ols,HbO,20,36,0.93412412768022,0.9340017403172394,0.2890558746071198
sub-03,bspline:5,short_avg,ols,HbR,20,36,0.6742457898472244,0.6736405880129791,0.17033685974355223
sub-04,bspline:5,short_avg,ols,HbO,20,36,0.9843884440006614,0.9843647747582973,0.1557505869518189
sub-04,bspline:5,short_avg,ols,HbR,20,36,0.6759375035337728,0.6754461807104538,0.09608600183932986
sub-05,bspline:5,short_avg,ols,HbO,20,36,0.7110635438465976,0.7106233028485841,0.2467997644646863
sub-05,bspline:5,short_avg,ols,HbR,20,36,0.5230980316764045,0.5223713950958757,0.12291307694789855
sub-01,bspline:8,short_avg,ols,HbO,20,39,0.8401812911283175,0.8399195191051656,0.19406554529528003
sub-01,bspline:8,short_avg,ols,HbR,20,39,0.9390909021150609,0.9389911372133528,0.10778003931948352
sub-02,bspline:8,short_avg,ols,HbO,20,39,0.7912458237211375,0.7908247472999582,0.27191473329698435
sub-02,bspline:8,short_avg,ols,HbR,20,39,0.7482787495905792,0.7477710046192136,0.18717645200149857
sub-03,bspline:8,short_avg,ols,HbO,20,39,0.9385918452870281,0.9384679596489366,0.27217218140864063
sub-03,bspline:8,short_avg,ols,HbR,20,39,0.6811327441678361,0.6804894570728253,0.16555152586965025
sub-04,bspline:8,short_avg,ols,HbO,20,39,0.9852822585329164,0.9852580286492083,0.14890475522348257
sub-04,bspline:8,short_avg,ols,HbR,20,39,0.7305598155141635,0.7301162349314383,0.09076858301311236
sub-05,bspline:8,short_avg,ols,HbO,20,39,0.747381559230646,0.7469636081356775,0.2299497955280871
sub-05,bspline:8,short_avg,ols,HbR,20,39,0.5805948529868394,0.5799009573238953,0.1162025261307
sub-01,butter:0.01,short_avg,ols,HbO,20,32,0.25630622156223204,0.25531279254807376,0.181521281822751
sub-01,butter:0.01,short_avg,ols,HbR,20,32,0.06639622333662071,0.06514911181524508,0.07057699488142902
sub-02,butter:0.01,short_avg,ols,HbO,20,32,0.37504907862735937,0.37402108974045756,0.23755524689074453
sub-02,butter:0.01,short_avg,ols,HbR,20,32,0.044673310655038545,0.04310188290539968,0.13800399388788182
sub-03,butter:0.01,short_avg,ols,HbO,20,32,0.18024588742190562,0.17889724986472677,0.2611970391807853
sub-03,butter:0.01,short_avg,ols,HbR,20,32,0.018592010569949025,0.01697742437495192,0.13562910731350025
sub-04,butter:0.01,short_avg,ols,HbO,20,32,0.14926248288535016,0.14812025658578953,0.22837735873516007
sub-04,butter:0.01,short_avg,ols,HbR,20,32,0.16459763472645167,0.16347599787238776,0.06839047767657988
sub-05,butter:0.01,short_avg,ols,HbO,20,32,0.30413908176837007,0.30320016170459724,0.1957136290505627
sub-05,butter:0.01,short_avg,ols,HbR,20,32,0.12065615137429037,0.11946965913022523,0.09861904724300935
