family,chromo,sensitivity,specificity,precision,youden_J,n_detected,n_truth_active
bspline:5,HbO,0.36274509803921573,0.8258547008547008,0.3359375,0.18859979889391654,100.0,51.0
bspline:5,HbR,0.6923076923076923,0.9016227180527383,0.27275943396226415,0.5939304103604307,66.5,26.0
dct:0.01,HbO,0.3529411764705882,0.8354700854700855,0.2888888888888889,0.1884112619406737,95.0,51.0
dct:0.01,HbR,0.6538461538461539,0.9290060851926978,0.32946186604723193,0.5828522390388516,52.0,26.0
legendre:3,HbO,0.3529411764705882,0.8311965811965811,0.3360215053763441,0.18413775766716933,97.0,51.0
legendre:3,HbR,0.6730769230769231,0.9127789046653144,0.2921739130434783,0.5858558277422374,60.5,26.0
none,HbO,0.37254901960784315,0.844017094017094,0.2532613585245164,0.21656611362493716,92.0,51.0
none,HbR,0.4423076923076923,0.947261663286004,0.3055555555555556,0.3895693555936963,37.5,26.0
poly:1,HbO,0.36274509803921573,0.8514957264957266,0.32102461743180305,0.2142408245349422,88.0,51.0
poly:1,HbR,0.6346153846153846,0.8884381338742393,0.24789450354609927,0.523053518489624,71.5,26.0
poly:3,HbO,0.3529411764705882,0.8311965811965811,0.3360215053763441,0.18413775766716933,97.0,51.0
poly:3,HbR,0.6730769230769231,0.9127789046653144,0.2921739130434783,0.5858558277422374,60.5,26.0
