family,chromo,shape_corr_med,amp_rel_err_med,n
bspline:5,HbO,0.7841863395059319,-0.04460325307363863,80
bspline:5,HbR,0.9276274355779708,0.0939821504982715,80
butter:0.01,HbO,0.7963765631907488,-0.020014365885922467,80
butter:0.01,HbR,0.9181698556099409,0.04870086995164115,80
dct:0.01,HbO,0.789969385127721,-0.013716749764144281,80
dct:0.01,HbR,0.9298089214495936,0.10210914825007902,80
legendre:3,HbO,0.7909194370148442,-0.01651578616320512,80
legendre:3,HbR,0.9300965931660637,0.10649031377996644,80
none,HbO,0.7905076738850538,-0.025707178973343604,80
none,HbR,0.8822371328328122,-0.026065953241281907,80
poly:1,HbO,0.7920339988255296,-0.028097349830683526,80
poly:1,HbR,0.9142138680885228,0.05563817259291494,80
poly:3,HbO,0.790919437014846,-0.016515786163214585,80
poly:3,HbR,0.9300965931660635,0.10649031377996385,80
poly:5,HbO,0.7882182314509026,-0.022845827487958645,80
poly:5,HbR,0.9406440313356956,0.13329355938201376,80
