dataset,seed,family,constellation,noise_model,projection,chromo,window_s,n_channels,alpha_meas,alpha_spatial,fit_s,img_r,img_peak_ratio,img_rmse_rel,img_loc_err_mm,img_hit_frac,img_n_vertices,ch_bias,ch_rmse,ch_r,ch_n_active
nn22_resting,0,-,-,-,truth_ref,HbO,368.0,520,21.779684585488045,0.001,0.0,0.8037016399622641,1.9257435696401992,0.10320837049309606,11.907677246583578,0.8167811313641619,9817,,,,
nn22_resting,0,-,-,-,truth_ref,HbR,368.0,520,21.779684585488045,0.001,0.0,0.8042690496989195,1.931617712134786,0.10321077917572963,11.907677246583578,0.8168098063211849,9817,,,,
nn22_resting,0,none,baseline,ar_irls,hrf,HbO,368.0,520,21.779684585488045,0.001,330.6,0.42752627221525213,2.067504753728596,0.31638310182827734,85.85178804144634,0.20576180813470094,9817,-0.032007976063889644,0.07124092012671307,0.9279708389127161,51.0
nn22_resting,0,none,baseline,ar_irls,hrf,HbR,368.0,520,21.779684585488045,0.001,330.6,0.24431809271124616,3.110558129642846,0.5111950658315243,18.79271203011121,0.16470284156963502,9817,0.012737747767901689,0.03198641554025078,0.9167620047738354,51.0
nn22_resting,0,none,baseline,ar_irls,residual,HbO,368.0,520,21.779684585488045,0.001,330.6,-0.024128118066241502,3.5422235389975327,0.4803868426026809,83.91772430305986,0.08655891320800135,9817,-0.09996148794549727,0.18770797043097243,0.09812699839657255,51.0
nn22_resting,0,none,baseline,ar_irls,residual,HbR,368.0,520,21.779684585488045,0.001,330.6,0.02139982817932768,5.819695558117565,0.7804793526437392,94.705528005587,0.10878453730752183,9817,0.04020398510951807,0.06872416983726776,0.33107237059131256,51.0
nn22_resting,0,none,baseline,ar_irls,cleaned,HbO,368.0,520,21.779684585488045,0.001,330.6,0.24793302590695393,4.862905371719964,0.5048227006708619,83.91772430305986,0.16289453696132444,9817,0.06091588324698532,0.11030977573502264,0.8655938963085027,51.0
nn22_resting,0,none,baseline,ar_irls,cleaned,HbR,368.0,520,21.779684585488045,0.001,330.6,0.2247437019707666,5.58193027481729,0.6108437410568683,94.705528005587,0.15505378163238082,9817,-0.02420889859287244,0.04701189426075676,0.8884832123490232,51.0
nn22_resting,0,none,global,ar_irls,hrf,HbO,368.0,520,21.779684585488045,0.001,334.1,0.408944398293952,2.791318709034047,0.3024979954317607,85.85178804144634,0.2368505883492531,9817,-0.030028523377416908,0.05420461144495223,0.9598999180286437,51.0
nn22_resting,0,none,global,ar_irls,hrf,HbR,368.0,520,21.779684585488045,0.001,334.1,0.3182066056465481,3.4413108944716697,0.4158637043871448,77.71782048736087,0.18535632761421997,9817,0.017814107862796132,0.03125248378763384,0.9230493830023458,51.0
nn22_resting,0,none,global,ar_irls,residual,HbO,368.0,520,21.779684585488045,0.001,334.1,0.03404789592840983,4.116479727238869,0.48773279395753,74.03596036371043,0.061869991387821295,9817,-0.18531517043128268,0.23664344640659374,0.19895758791059243,51.0
nn22_resting,0,none,global,ar_irls,residual,HbR,368.0,520,21.779684585488045,0.001,334.1,0.017149998402549577,4.887721142646362,0.707401354173232,72.72938934237767,0.10273309380127238,9817,0.06823617477438385,0.08630205818968253,0.42674482530064684,51.0
nn22_resting,0,none,global,ar_irls,cleaned,HbO,368.0,520,21.779684585488045,0.001,334.1,0.269923248498778,5.741756399032887,0.5141167704526421,74.03596036371043,0.17195245325903505,9817,-0.022564436317807923,0.08519751437934336,0.8920482930700302,51.0
nn22_resting,0,none,global,ar_irls,cleaned,HbR,368.0,520,21.779684585488045,0.001,334.1,0.20714289740359018,6.320321620019464,0.680024416081702,94.705528005587,0.15303721628591574,9817,0.008627581086282794,0.04175625158063218,0.880905545390604,51.0
nn22_resting,0,poly:1,baseline,ar_irls,hrf,HbO,368.0,520,21.779684585488045,0.001,337.6,0.4206831378910419,2.242731498361808,0.32168208273078347,83.91772430305986,0.20287462426514832,9817,-0.03335301923098257,0.07110911818513921,0.9290313206942261,51.0
nn22_resting,0,poly:1,baseline,ar_irls,hrf,HbR,368.0,520,21.779684585488045,0.001,337.6,0.22822052571704132,4.422317446518209,0.534267471569485,95.98389286898514,0.16411600534549162,9817,0.004657235910870799,0.03199615218059083,0.9098269564480393,51.0
nn22_resting,0,poly:1,baseline,ar_irls,residual,HbO,368.0,520,21.779684585488045,0.001,337.6,-0.00776454230385205,88.95021126647315,4.464803889776492,85.39275080444855,0.028333535361566454,9817,-0.09457664261146474,0.18559177373973398,0.08830392224693406,51.0
nn22_resting,0,poly:1,baseline,ar_irls,residual,HbR,368.0,520,21.779684585488045,0.001,337.6,0.004157819104164709,751.2602678970701,31.838988502178772,89.8765616510443,0.01771507289428896,9817,0.046828189606595495,0.11422263654850828,-0.012959047931112869,51.0
nn22_resting,0,poly:1,baseline,ar_irls,cleaned,HbO,368.0,520,21.779684585488045,0.001,337.6,0.023212662724867425,89.33889135278189,4.468850827393675,85.39275080444855,0.046961060363147164,9817,0.06502777368111778,0.11460213176916047,0.8573154252169144,51.0
nn22_resting,0,poly:1,baseline,ar_irls,cleaned,HbR,368.0,520,21.779684585488045,0.001,337.6,0.007875081444863664,749.771809496611,31.854878329539932,89.8765616510443,0.017618790423926438,9817,-0.02523212684275981,0.09458133734344314,0.5699182977468586,51.0
nn22_resting,0,poly:1,global,ar_irls,hrf,HbO,368.0,520,21.779684585488045,0.001,335.3,0.3988732918642313,2.801115406293282,0.3076358696800353,85.85178804144634,0.22767135603283706,9817,-0.03214281490323659,0.05580357998540028,0.9580302537745456,51.0
nn22_resting,0,poly:1,global,ar_irls,hrf,HbR,368.0,520,21.779684585488045,0.001,335.3,0.32388283209537216,3.38926247556645,0.4110184964200318,77.71782048736087,0.18439645364392937,9817,0.017235586083553703,0.030729093222561604,0.9240141965393912,51.0
nn22_resting,0,poly:1,global,ar_irls,residual,HbO,368.0,520,21.779684585488045,0.001,335.3,0.015290877581684738,56.59598846998442,2.514768376859958,72.17182757731199,0.06682108010919165,9817,-0.169144722218232,0.22225890019210665,0.25618480950934097,51.0
nn22_resting,0,poly:1,global,ar_irls,residual,HbR,368.0,520,21.779684585488045,0.001,335.3,0.028649919427522538,25.124212840424317,1.4060207058466878,28.168574401186405,0.12412371584505504,9817,0.07520270537446455,0.3256734611512141,0.08804989425510852,51.0
nn22_resting,0,poly:1,global,ar_irls,cleaned,HbO,368.0,520,21.779684585488045,0.001,335.3,0.0642831096564398,57.22387723985942,2.5500627831111946,72.17182757731199,0.08810918340588048,9817,-0.008394963109467529,0.08482532536881271,0.8915226785104005,51.0
nn22_resting,0,poly:1,global,ar_irls,cleaned,HbR,368.0,520,21.779684585488045,0.001,335.3,0.12255159680195697,25.279361760685088,1.402583068459039,28.168574401186405,0.14838416410936592,9817,0.015046596073777911,0.32286036068602314,0.2587556718762349,51.0
nn22_resting,0,poly:3,baseline,ar_irls,hrf,HbO,368.0,520,21.779684585488045,0.001,348.1,0.39116040512353845,2.3973260128582496,0.3682196637544473,83.91772430305986,0.18604870028102558,9817,-0.04858695661345096,0.08678176807136484,0.9104951815026082,51.0
nn22_resting,0,poly:3,baseline,ar_irls,hrf,HbR,368.0,520,21.779684585488045,0.001,348.1,0.230153143282041,3.6833814403170515,0.5553998651323444,95.98389286898514,0.15670420826154824,9817,0.006078843304004061,0.030568287870457317,0.9156442129500791,51.0
nn22_resting,0,poly:3,baseline,ar_irls,residual,HbO,368.0,520,21.779684585488045,0.001,348.1,-0.004685816767651621,433648.20318590367,11789.187321150983,73.749061941046,0.009371321108063728,9817,-0.11028671965823583,0.19997690536521417,0.114767236982886,51.0
nn22_resting,0,poly:3,baseline,ar_irls,residual,HbR,368.0,520,21.779684585488045,0.001,348.1,-0.004115479905386364,138363.43614302124,4096.543824483563,73.749061941046,0.010392750527072581,9817,0.05912281958546501,0.07937409936426659,0.40697219398991824,51.0
nn22_resting,0,poly:3,baseline,ar_irls,cleaned,HbO,368.0,520,21.779684585488045,0.001,348.1,-0.004673719805852675,433646.76145858696,11789.143282855248,73.749061941046,0.00937747550049007,9817,0.03490022981229981,0.10904178914664547,0.844766420489139,51.0
nn22_resting,0,poly:3,baseline,ar_irls,cleaned,HbR,368.0,520,21.779684585488045,0.001,348.1,-0.00408514645198201,138362.43779113604,4096.536658609437,73.749061941046,0.010400154403960216,9817,-0.01159208123627567,0.03742185263581367,0.9140506380659114,51.0
nn22_resting,0,poly:3,global,ar_irls,hrf,HbO,368.0,520,21.779684585488045,0.001,363.8,0.40417676649219086,2.8455441766717433,0.3097835549392788,85.85178804144634,0.23195269207017682,9817,-0.02844694127263791,0.0585635887709061,0.95395912896091,51.0
nn22_resting,0,poly:3,global,ar_irls,hrf,HbR,368.0,520,21.779684585488045,0.001,363.8,0.31257038268498283,3.2909556210671433,0.43247174165550145,77.71782048736087,0.18396388429922383,9817,0.01642602784269194,0.02937266135130653,0.9289789806498945,51.0
nn22_resting,0,poly:3,global,ar_irls,residual,HbO,368.0,520,21.779684585488045,0.001,363.8,0.02031273949006987,26.134744413750923,1.472792005443171,92.5954905077805,0.04895941046923047,9817,-0.1498056614764835,0.22291487643545724,0.047933767864814035,51.0
nn22_resting,0,poly:3,global,ar_irls,residual,HbR,368.0,520,21.779684585488045,0.001,363.8,0.015489733853405827,22.417749127176865,2.1370590537794985,92.5954905077805,0.06878375853947197,9817,0.0424264796087571,0.13106609220576068,0.08932910069487592,51.0
nn22_resting,0,poly:3,global,ar_irls,cleaned,HbO,368.0,520,21.779684585488045,0.001,363.8,0.1094067680952142,25.788399482416423,1.4436684317521142,92.5954905077805,0.09725887524513818,9817,0.014441889050864399,0.09949099538902352,0.8480160482413823,51.0
nn22_resting,0,poly:3,global,ar_irls,cleaned,HbR,368.0,520,21.779684585488045,0.001,363.8,0.07706372675564573,24.82614629268179,2.16708267371731,94.705528005587,0.090632140261432,9817,-0.018495799250403504,0.12000181926273723,0.499451312711935,51.0
nn22_resting,0,poly:5,baseline,ar_irls,hrf,HbO,368.0,520,21.779684585488045,0.001,368.3,0.37618535119830965,3.7952368476262417,0.3803027157462675,83.91772430305986,0.18235915561575128,9817,-0.043629009750289154,0.08371145907014288,0.9134532112452277,51.0
nn22_resting,0,poly:5,baseline,ar_irls,hrf,HbR,368.0,520,21.779684585488045,0.001,368.3,0.20946983596983978,4.694359929195523,0.5915318677685769,95.98389286898514,0.15703576938102223,9817,-0.0010437402259538004,0.032186172260742836,0.9051082791185278,51.0
nn22_resting,0,poly:5,baseline,ar_irls,residual,HbO,368.0,520,21.779684585488045,0.001,368.3,0.0030562745671968523,46484.67045026469,2252.625240469564,85.39275080444855,0.0021932728397686635,9817,-0.10548336262196535,0.2000672920795097,0.09001017232220242,51.0
nn22_resting,0,poly:5,baseline,ar_irls,residual,HbR,368.0,520,21.779684585488045,0.001,368.3,-0.002485360717588216,388799.8269454898,16626.814869924656,89.8765616510443,0.0022122483977610155,9817,0.06780205371458158,0.08739842329804225,0.35142484564501203,51.0
nn22_resting,0,poly:5,baseline,ar_irls,cleaned,HbO,368.0,520,21.779684585488045,0.001,368.3,0.0031192033761157432,46484.28857769263,2252.6117270679247,85.39275080444855,0.002228584719515787,9817,0.0443958100480282,0.1252739260540526,0.8099993978222965,51.0
nn22_resting,0,poly:5,baseline,ar_irls,cleaned,HbR,368.0,520,21.779684585488045,0.001,368.3,-0.0024781540599353763,388801.49340900744,16626.795421701503,89.8765616510443,0.0022193057622082527,9817,-0.009653692179070944,0.04973939875962336,0.8501125710239896,51.0
nn22_resting,0,poly:5,global,ar_irls,hrf,HbO,368.0,520,21.779684585488045,0.001,378.9,0.4174200572660909,2.911053383635704,0.3064788192022044,85.85178804144634,0.23326011549539136,9817,-0.022867159709370397,0.056783443078603606,0.9536850951817272,51.0
nn22_resting,0,poly:5,global,ar_irls,hrf,HbR,368.0,520,21.779684585488045,0.001,378.9,0.31457346130151226,3.377197448707216,0.42899381171799755,77.71782048736087,0.18396799844301068,9817,0.015920413827255352,0.0302218909594392,0.924498668163026,51.0
nn22_resting,0,poly:5,global,ar_irls,residual,HbO,368.0,520,21.779684585488045,0.001,378.9,-0.006046821042386999,13055.478846118152,569.8364012376204,112.3766797794402,0.0015499161339515885,9817,-0.15451749032172019,0.24977109005763287,-0.0381057137364885,51.0
nn22_resting,0,poly:5,global,ar_irls,residual,HbR,368.0,520,21.779684585488045,0.001,378.9,0.005651949937528954,351499.0532253927,8361.003153042497,117.16022680781651,0.0005503313619233005,9817,0.0649892000918794,0.0927497316387105,0.3103897089679899,51.0
nn22_resting,0,poly:5,global,ar_irls,cleaned,HbO,368.0,520,21.779684585488045,0.001,378.9,-0.005814595582672703,13055.645472193806,569.836494213186,112.3766797794402,0.001739136260556546,9817,0.015010790560687335,0.1515380800788372,0.7022901916913866,51.0
nn22_resting,0,poly:5,global,ar_irls,cleaned,HbR,368.0,520,21.779684585488045,0.001,378.9,0.005668021364160434,351499.0146687914,8360.991318436407,117.16022680781651,0.0005688192008301495,9817,0.003588405855551242,0.06518405888812812,0.7714690861751946,51.0
nn22_resting,0,dct:0.005,baseline,ar_irls,hrf,HbO,368.0,520,21.779684585488045,0.001,363.8,0.39808058992769396,2.1787785483555804,0.3602441017735169,83.91772430305986,0.1879761200721718,9817,-0.047311093420804556,0.08481866642240793,0.9131570226931788,51.0
nn22_resting,0,dct:0.005,baseline,ar_irls,hrf,HbR,368.0,520,21.779684585488045,0.001,363.8,0.22316823167549546,3.956984819897045,0.5555871461131573,78.07267208898644,0.15708403663885734,9817,0.0064515482111096555,0.03121888621870374,0.913655076453827,51.0
nn22_resting,0,dct:0.005,baseline,ar_irls,residual,HbO,368.0,520,21.779684585488045,0.001,363.8,-0.02801606575133585,3.536534880364575,0.47228222781012713,94.46476818050292,0.10088533563419447,9817,-0.0940627905236378,0.18863948188532842,0.11074277090109787,51.0
nn22_resting,0,dct:0.005,baseline,ar_irls,residual,HbR,368.0,520,21.779684585488045,0.001,363.8,0.03695209795849761,7.464656441682135,0.8339123913437317,94.705528005587,0.10573559914264172,9817,0.05551422384683384,0.07681814879592433,0.40393631756311216,51.0
nn22_resting,0,dct:0.005,baseline,ar_irls,cleaned,HbO,368.0,520,21.779684585488045,0.001,363.8,0.2743314821152015,4.46293387946741,0.45979969712985796,83.91772430305986,0.17612570702714353,9817,0.052331641607987096,0.11135264651045794,0.8536091451427164,51.0
nn22_resting,0,dct:0.005,baseline,ar_irls,cleaned,HbR,368.0,520,21.779684585488045,0.001,363.8,0.2369838115924814,6.82302027205915,0.6232218587467008,94.705528005587,0.1627850174365177,9817,-0.014847947375348877,0.03677237539516321,0.9209838477929919,51.0
nn22_resting,0,dct:0.005,global,ar_irls,hrf,HbO,368.0,520,21.779684585488045,0.001,375.2,0.40560450574320445,2.8175752988289497,0.3081675173137032,85.85178804144634,0.2325402542727333,9817,-0.030420741863760196,0.05704474287349687,0.9572530735020668,51.0
nn22_resting,0,dct:0.005,global,ar_irls,hrf,HbR,368.0,520,21.779684585488045,0.001,375.2,0.31957958598870745,3.2654915673618565,0.42105549231933,77.71782048736087,0.18614494990151592,9817,0.018866341861175803,0.03162405188596017,0.9271856903387223,51.0
nn22_resting,0,dct:0.005,global,ar_irls,residual,HbO,368.0,520,21.779684585488045,0.001,375.2,0.02781975768010356,4.402646407497784,0.47492140763280655,74.03718442227544,0.06557579744745241,9817,-0.16399235920251154,0.22174054235892615,0.1618494807917664,51.0
nn22_resting,0,dct:0.005,global,ar_irls,residual,HbR,368.0,520,21.779684585488045,0.001,375.2,0.030985146576193376,6.133222087480789,0.7021646784576636,94.705528005587,0.09441949352536433,9817,0.06248185189954998,0.08138566125429426,0.4388618417395051,51.0
nn22_resting,0,dct:0.005,global,ar_irls,cleaned,HbO,368.0,520,21.779684585488045,0.001,375.2,0.284887617626623,5.109584254255269,0.4771397835514606,73.61621435341112,0.1707436298498601,9817,-0.0016128224277074704,0.08737045754569239,0.8821068538859032,51.0
nn22_resting,0,dct:0.005,global,ar_irls,cleaned,HbR,368.0,520,21.779684585488045,0.001,375.2,0.22244117538053515,7.868700237019583,0.6825734525841484,94.705528005587,0.1545737286895937,9817,0.003869097197772141,0.03544522687087933,0.9104836003243825,51.0
nn22_resting,0,dct:0.01,baseline,ar_irls,hrf,HbO,368.0,520,21.779684585488045,0.001,426.7,0.37320742008671715,4.679524257796761,0.38469852188841624,83.91772430305986,0.18499159247271504,9817,-0.03916762170590656,0.0787740683718956,0.9194614602643185,51.0
nn22_resting,0,dct:0.01,baseline,ar_irls,hrf,HbR,368.0,520,21.779684585488045,0.001,426.7,0.2215382105318453,4.4127336812344815,0.5513755928790328,95.98389286898514,0.16356602904542814,9817,0.0006213199018675502,0.0316722837355322,0.908351915952529,51.0
nn22_resting,0,dct:0.01,baseline,ar_irls,residual,HbO,368.0,520,21.779684585488045,0.001,426.7,-0.02826858141930638,3.4333613738590065,0.45426439163819504,94.46476818050292,0.0983428865553607,9817,-0.09987316550921087,0.19191770413511466,0.09635614365477248,51.0
nn22_resting,0,dct:0.01,baseline,ar_irls,residual,HbR,368.0,520,21.779684585488045,0.001,426.7,0.04415302137003787,8.528583128667412,0.8757908711785782,94.705528005587,0.10679915729190988,9817,0.06374635848342645,0.08329152415505267,0.3820535131687337,51.0
nn22_resting,0,dct:0.01,baseline,ar_irls,cleaned,HbO,368.0,520,21.779684585488045,0.001,426.7,0.240494954490778,5.177513857541469,0.5283791130349478,74.03596036371043,0.1661206822054885,9817,0.0542282848618966,0.12318578983885525,0.8240816667452676,51.0
nn22_resting,0,dct:0.01,baseline,ar_irls,cleaned,HbR,368.0,520,21.779684585488045,0.001,426.7,0.21771131940156405,8.075866503288754,0.7047384088675052,94.705528005587,0.153052344520824,9817,-0.01213356702007503,0.04039576711588428,0.8993082626823106,51.0
nn22_resting,0,dct:0.01,global,ar_irls,hrf,HbO,368.0,520,21.779684585488045,0.001,410.8,0.41822635943474334,2.763443311924507,0.3085642540788342,85.85178804144634,0.2383273760250583,9817,-0.024292236568808454,0.05589638004221992,0.9536495629707393,51.0
nn22_resting,0,dct:0.01,global,ar_irls,hrf,HbR,368.0,520,21.779684585488045,0.001,410.8,0.31854697920990654,3.52720705878271,0.42390103113669914,77.71782048736087,0.1846638721528536,9817,0.01635615006447872,0.030422929247051932,0.9279601031034174,51.0
nn22_resting,0,dct:0.01,global,ar_irls,residual,HbO,368.0,520,21.779684585488045,0.001,410.8,0.024955535020578387,4.476341879853877,0.4531469708213891,90.3676517525329,0.060047524540192763,9817,-0.16807579206435772,0.22729473329662778,0.13238575188177004,51.0
nn22_resting,0,dct:0.01,global,ar_irls,residual,HbR,368.0,520,21.779684585488045,0.001,410.8,0.039377887125422464,7.4285556911870785,0.7523343109110766,94.705528005587,0.08543217303279543,9817,0.06341377353057595,0.08175917374674908,0.456689663587569,51.0
nn22_resting,0,dct:0.01,global,ar_irls,cleaned,HbO,368.0,520,21.779684585488045,0.001,410.8,0.24113689771083774,6.111349143636626,0.5808886967441118,74.03596036371043,0.14899719178242568,9817,0.00010378967192755727,0.1018345875128723,0.8455745373965247,51.0
nn22_resting,0,dct:0.01,global,ar_irls,cleaned,HbR,368.0,520,21.779684585488045,0.001,410.8,0.2091740288562201,9.546336776897189,0.7667601679244616,94.705528005587,0.14601907885725357,9817,0.0024253620279828677,0.03851508619830763,0.9002127349183687,51.0
nn22_resting,0,dct:0.02,baseline,ar_irls,hrf,HbO,368.0,520,21.779684585488045,0.001,476.0,0.3431288371893281,4.5225132904418,0.4300159301339356,73.61621435341112,0.17446339480205245,9817,-0.047701668107563794,0.09139809629515612,0.9078498218643645,51.0
nn22_resting,0,dct:0.02,baseline,ar_irls,hrf,HbR,368.0,520,21.779684585488045,0.001,476.0,0.20522873667815392,4.596621224357217,0.5939668745296767,78.07267208898644,0.15049309293409224,9817,-0.005870408623638025,0.03391280313078525,0.9024621180507296,51.0
nn22_resting,0,dct:0.02,baseline,ar_irls,residual,HbO,368.0,520,21.779684585488045,0.001,476.0,-0.032412015151690426,3.4652433734797143,0.44702856387488626,94.46476818050292,0.10436076058770563,9817,-0.09192198552232235,0.18990323686271016,0.0459742318779975,51.0
nn22_resting,0,dct:0.02,baseline,ar_irls,residual,HbR,368.0,520,21.779684585488045,0.001,476.0,0.04037682966627728,7.889125667245611,0.8229503716483543,94.705528005587,0.11594005876585024,9817,0.06918065621624733,0.08786750415541095,0.35845216338217106,51.0
nn22_resting,0,dct:0.02,baseline,ar_irls,cleaned,HbO,368.0,520,21.779684585488045,0.001,476.0,0.24853662495982312,4.750744270953896,0.5111490438719266,74.03596036371043,0.1701068347647822,9817,0.05410280496994785,0.12502820431951644,0.8229425623537072,51.0
nn22_resting,0,dct:0.02,baseline,ar_irls,cleaned,HbR,368.0,520,21.779684585488045,0.001,476.0,0.23218004455454547,7.76050693643783,0.6344889110297528,94.705528005587,0.16566958233337176,9817,-0.012843070346980377,0.042252507052196214,0.8901788651814652,51.0
nn22_resting,0,dct:0.02,global,ar_irls,hrf,HbO,368.0,520,21.779684585488045,0.001,495.3,0.3892365533028551,2.7895844181955596,0.33298659960332916,85.85178804144634,0.21886042226494556,9817,-0.01710265325112269,0.06805832872693705,0.932377252062103,51.0
nn22_resting,0,dct:0.02,global,ar_irls,hrf,HbR,368.0,520,21.779684585488045,0.001,495.3,0.3040479791549847,4.107366609208252,0.46154914151874976,75.98400797749103,0.18370778482023642,9817,0.014864309748500905,0.03025419255706264,0.9232306374563726,51.0
nn22_resting,0,dct:0.02,global,ar_irls,residual,HbO,368.0,520,21.779684585488045,0.001,495.3,0.022967441768276985,3.4664669486872737,0.3477160688019543,73.61621435341112,0.06905944991653493,9817,-0.175060470239307,0.2308959129564457,0.10370472556334637,51.0
nn22_resting,0,dct:0.02,global,ar_irls,residual,HbR,368.0,520,21.779684585488045,0.001,495.3,0.024019936956809294,5.006122214776801,0.6322359630209758,83.91772430305986,0.09513043337594464,9817,0.07029918210083302,0.0877659982751247,0.44512644258455897,51.0
nn22_resting,0,dct:0.02,global,ar_irls,cleaned,HbO,368.0,520,21.779684585488045,0.001,495.3,0.2631150614468635,5.768620650614407,0.5142748169450921,73.61621435341112,0.16731926221222865,9817,-7.663453081052379e-05,0.10311188724333746,0.8498886805255594,51.0
nn22_resting,0,dct:0.02,global,ar_irls,cleaned,HbR,368.0,520,21.779684585488045,0.001,495.3,0.2140327979421783,7.783196066368158,0.70326890638346,94.705528005587,0.1591075708148292,9817,0.007898886216717233,0.05105198987568996,0.8442130471237685,51.0
nn22_resting,0,legendre:1,baseline,ar_irls,hrf,HbO,368.0,520,21.779684585488045,0.001,334.6,0.42068313789105266,2.242731498361844,0.3216820827307771,83.91772430305986,0.20287462426515238,9817,-0.03335301923098242,0.0711091181851393,0.9290313206942256,51.0
nn22_resting,0,legendre:1,baseline,ar_irls,hrf,HbR,368.0,520,21.779684585488045,0.001,334.6,0.22822052571710125,4.422317446518897,0.5342674715693608,95.98389286898514,0.1641160053455099,9817,0.004657235910871024,0.03199615218059097,0.9098269564480405,51.0
nn22_resting,0,legendre:1,baseline,ar_irls,residual,HbO,368.0,520,21.779684585488045,0.001,334.6,-0.007764542429980773,88.95020822553091,4.464803746014004,85.39275080444855,0.028333535961871326,9817,-0.09457664261146694,0.18559177373973418,0.08830392224696113,51.0
nn22_resting,0,legendre:1,baseline,ar_irls,residual,HbR,368.0,520,21.779684585488045,0.001,334.6,0.004157819118043781,751.2602424612151,31.838987418628747,89.8765616510443,0.01771507340474429,9817,0.046828189606732185,0.11422263654781023,-0.01295904792995933,51.0
nn22_resting,0,legendre:1,baseline,ar_irls,cleaned,HbO,368.0,520,21.779684585488045,0.001,334.6,0.023212663597402827,89.33888831183856,4.468850683355621,85.39275080444855,0.046961061375396844,9817,0.06502777368111577,0.11460213176915862,0.8573154252169201,51.0
nn22_resting,0,legendre:1,baseline,ar_irls,cleaned,HbR,368.0,520,21.779684585488045,0.001,334.6,0.007875081585226805,749.7717840607471,31.854877245763515,89.8765616510443,0.017618790939359613,9817,-0.02523212684262291,0.09458133734254981,0.5699182977513298,51.0
nn22_resting,0,legendre:1,global,ar_irls,hrf,HbO,368.0,520,21.779684585488045,0.001,336.1,0.39887329186422715,2.801115406293364,0.3076358696800381,85.85178804144634,0.2276713560328404,9817,-0.03214281490323681,0.055803579985400115,0.9580302537745466,51.0
nn22_resting,0,legendre:1,global,ar_irls,hrf,HbR,368.0,520,21.779684585488045,0.001,336.1,0.32388283209533825,3.3892624755728873,0.41101849642006855,77.71782048736087,0.18439645364392387,9817,0.01723558608355368,0.030729093222561468,0.9240141965393922,51.0
nn22_resting,0,legendre:1,global,ar_irls,residual,HbO,368.0,520,21.779684585488045,0.001,336.1,0.015290877580948605,56.59598847320381,2.514768377022847,72.17182757731199,0.06682108010469988,9817,-0.1691447222182207,0.2222589001920939,0.25618480950939715,51.0
nn22_resting,0,legendre:1,global,ar_irls,residual,HbR,368.0,520,21.779684585488045,0.001,336.1,0.02864991942906366,25.124212836712044,1.406020705662815,28.168574401186405,0.1241237158399632,9817,0.07520270537891953,0.32567346113749235,0.08804989426300373,51.0
nn22_resting,0,legendre:1,global,ar_irls,cleaned,HbO,368.0,520,21.779684585488045,0.001,336.1,0.064283109652608,57.223877243080004,2.5500627832735576,72.17182757731199,0.08810918339985216,9817,-0.008394963109456395,0.08482532536880699,0.8915226785104128,51.0
nn22_resting,0,legendre:1,global,ar_irls,cleaned,HbR,368.0,520,21.779684585488045,0.001,336.1,0.12255159681572926,25.27936175697287,1.4025830682737275,28.168574401186405,0.1483841641059397,9817,0.015046596078232834,0.3228603606713787,0.25875567189084864,51.0
nn22_resting,0,legendre:3,baseline,ar_irls,hrf,HbO,368.0,520,21.779684585488045,0.001,346.8,0.39116040513727435,2.397326012858881,0.36821966373822246,83.91772430305986,0.18604870028537637,9817,-0.04858695661345063,0.08678176807136388,0.9104951815026096,51.0
nn22_resting,0,legendre:3,baseline,ar_irls,hrf,HbR,368.0,520,21.779684585488045,0.001,346.8,0.23015314328195433,3.6833814403170244,0.5553998651317897,95.98389286898514,0.15670420826173664,9817,0.006078843304004009,0.030568287870457705,0.9156442129500774,51.0
nn22_resting,0,legendre:3,baseline,ar_irls,residual,HbO,368.0,520,21.779684585488045,0.001,346.8,-0.004685816767415769,433648.257105645,11789.188787014953,73.749061941046,0.009371321105770686,9817,-0.11028671965824001,0.19997690536521515,0.11476723698290113,51.0
nn22_resting,0,legendre:3,baseline,ar_irls,residual,HbR,368.0,520,21.779684585488045,0.001,346.8,-0.004115479901327026,138363.45334822926,4096.544333851754,73.749061941046,0.010392750522514937,9817,0.05912281958546623,0.07937409936426904,0.40697219398982787,51.0
nn22_resting,0,legendre:3,baseline,ar_irls,cleaned,HbO,368.0,520,21.779684585488045,0.001,346.8,-0.00467371980712098,433646.8153783371,11789.144748719455,73.749061941046,0.009377475497439804,9817,0.03490022981229591,0.10904178914664409,0.8447664204891413,51.0
nn22_resting,0,legendre:3,baseline,ar_irls,cleaned,HbR,368.0,520,21.779684585488045,0.001,346.8,-0.004085146451694369,138362.45499634693,4096.537167977713,73.749061941046,0.01040015439844287,9817,-0.011592081236274499,0.037421852635810285,0.9140506380659217,51.0
nn22_resting,0,legendre:3,global,ar_irls,hrf,HbO,368.0,520,21.779684585488045,0.001,358.3,0.4041767664921982,2.845544176671064,0.30978355493927284,85.85178804144634,0.23195269207017546,9817,-0.028446941272637246,0.05856358877090564,0.9539591289609105,51.0
nn22_resting,0,legendre:3,global,ar_irls,hrf,HbR,368.0,520,21.779684585488045,0.001,358.3,0.31257038268499504,3.2909556210660447,0.43247174165549357,77.71782048736087,0.18396388429922803,9817,0.016426027842691704,0.02937266135130651,0.9289789806498933,51.0
nn22_resting,0,legendre:3,global,ar_irls,residual,HbO,368.0,520,21.779684585488045,0.001,358.3,0.02031273949007914,26.134744412945608,1.4727920054035204,92.5954905077805,0.04895941046889193,9817,-0.14980566147648436,0.222914876435464,0.047933767864900736,51.0
nn22_resting,0,legendre:3,global,ar_irls,residual,HbR,368.0,520,21.779684585488045,0.001,358.3,0.015489733850954026,22.417749126497462,2.1370590538017544,92.5954905077805,0.06878375853146093,9817,0.04242647961453293,0.13106609217445564,0.08932910073590615,51.0
nn22_resting,0,legendre:3,global,ar_irls,cleaned,HbO,368.0,520,21.779684585488045,0.001,358.3,0.10940676809763906,25.78839948161073,1.443668431712485,92.5954905077805,0.09725887524541676,9817,0.014441889050864135,0.09949099538905083,0.8480160482413307,51.0
nn22_resting,0,legendre:3,global,ar_irls,cleaned,HbR,368.0,520,21.779684585488045,0.001,358.3,0.07706372675267065,24.82614629223782,2.1670826737381135,94.705528005587,0.0906321402537518,9817,-0.018495799244627905,0.12000181922552887,0.499451312837079,51.0
nn22_resting,0,bspline:5,baseline,ar_irls,hrf,HbO,368.0,520,21.779684585488045,0.001,428.3,0.3821549619696754,3.6901271560430335,0.3728885849329845,83.91772430305986,0.18480769728915908,9817,-0.04432147993370803,0.08412885910854266,0.9131322090208472,51.0
nn22_resting,0,bspline:5,baseline,ar_irls,hrf,HbR,368.0,520,21.779684585488045,0.001,428.3,0.20796399559521203,4.667514056637247,0.5880006935036233,95.98389286898514,0.15657622049045616,9817,0.0006415823962914281,0.031302525763591216,0.9078202492020174,51.0
nn22_resting,0,bspline:5,baseline,ar_irls,residual,HbO,368.0,520,21.779684585488045,0.001,428.3,-0.001570446829774115,37361.41334659316,1582.2123360931894,84.5366077951292,0.000941958169280768,9817,-0.10325503950399087,0.1979324206183274,0.08724154604801845,51.0
nn22_resting,0,bspline:5,baseline,ar_irls,residual,HbR,368.0,520,21.779684585488045,0.001,428.3,0.010323788599570371,153869.51334412076,6875.189117166926,86.22532703651798,0.0006001915302613669,9817,0.06504274129145225,0.08425911261662991,0.38716000230914793,51.0
nn22_resting,0,bspline:5,baseline,ar_irls,cleaned,HbO,368.0,520,21.779684585488045,0.001,428.3,-0.0014810586488807171,37361.78288519392,1582.2211826796408,84.5366077951292,0.0009948458394332647,9817,0.045968776271455625,0.12328551375800292,0.8153047337410343,51.0
nn22_resting,0,bspline:5,baseline,ar_irls,cleaned,HbR,368.0,520,21.779684585488045,0.001,428.3,0.01034113412861155,153868.42637272994,6875.1000890846235,86.22532703651798,0.0006032965260500466,9817,-0.01081800769623761,0.04330739849273364,0.8819202787724405,51.0
nn22_resting,0,bspline:5,global,ar_irls,hrf,HbO,368.0,520,21.779684585488045,0.001,499.6,0.4070779223831944,2.857570760857192,0.3067959301533017,85.85178804144634,0.23116503091159657,9817,-0.026124249809491056,0.05747972003628434,0.953351011954973,51.0
nn22_resting,0,bspline:5,global,ar_irls,hrf,HbR,368.0,520,21.779684585488045,0.001,499.6,0.31482046067188385,3.364236432167218,0.4258856808716643,77.71782048736087,0.1826760755361891,9817,0.01600057575373655,0.030215450972454535,0.9244033476897587,51.0
nn22_resting,0,bspline:5,global,ar_irls,residual,HbO,368.0,520,21.779684585488045,0.001,499.6,0.002498149577064832,166.737225038194,5.260764373828648,60.60199954693307,0.0402667694984497,9817,-0.16019426279454016,0.23073472108750878,0.046858104233144494,51.0
nn22_resting,0,bspline:5,global,ar_irls,residual,HbR,368.0,520,21.779684585488045,0.001,499.6,0.022725470832562385,68.46445804793727,2.9254022053973987,60.60199954693307,0.05961784839291925,9817,0.06389416047690909,0.08116541385517115,0.5083313681647046,51.0
nn22_resting,0,bspline:5,global,ar_irls,cleaned,HbO,368.0,520,21.779684585488045,0.001,499.6,0.02689769758377345,166.95895088604698,5.269918437097419,60.60199954693307,0.06039693446154374,9817,0.006251493375054171,0.11422019038570969,0.8080196801756523,51.0
nn22_resting,0,bspline:5,global,ar_irls,cleaned,HbR,368.0,520,21.779684585488045,0.001,499.6,0.0678208480168361,68.26928301179181,2.9436556902425317,60.60199954693307,0.0793556440711295,9817,0.002569231848165994,0.04505844605776349,0.8768874442124984,51.0
nn22_resting,0,bspline:8,baseline,ar_irls,hrf,HbO,368.0,520,21.779684585488045,0.001,489.0,0.37977774041903434,3.769594036517691,0.3770553569941283,83.91772430305986,0.18429675585707747,9817,-0.04369169796628226,0.08462106429901121,0.9124542507040452,51.0
nn22_resting,0,bspline:8,baseline,ar_irls,hrf,HbR,368.0,520,21.779684585488045,0.001,489.0,0.2118500659278216,4.483854258032015,0.5863676714814072,95.98389286898514,0.1577737711345919,9817,-0.000726153508271665,0.032586676916961745,0.9052165847133185,51.0
nn22_resting,0,bspline:8,baseline,ar_irls,residual,HbO,368.0,520,21.779684585488045,0.001,489.0,0.0015958743071186638,962.4663304277939,59.786962724056096,75.84631809485164,0.08110553922281427,9817,-0.1034649605507562,0.20444325133821661,0.10084111755543962,51.0
nn22_resting,0,bspline:8,baseline,ar_irls,residual,HbR,368.0,520,21.779684585488045,0.001,489.0,0.020921563142657626,13572.718004391696,888.6672988956268,75.84631809485164,0.07359523408559471,9817,0.4199574869461378,2.256921125770825,0.05467229832901383,51.0
nn22_resting,0,bspline:8,baseline,ar_irls,cleaned,HbO,368.0,520,21.779684585488045,0.001,489.0,0.0039748842589376904,960.2971729740643,59.75040604768107,75.84631809485164,0.08172801071350423,9817,0.04635488370981025,0.14108083092114648,0.7788817774715925,51.0
nn22_resting,0,bspline:8,baseline,ar_irls,cleaned,HbR,368.0,520,21.779684585488045,0.001,489.0,0.021057317523074763,13572.84765022672,888.6508520923468,75.84631809485164,0.07360997210568147,9817,0.3428023065497923,2.247459816643557,0.08343161254324269,51.0
nn22_resting,0,bspline:8,global,ar_irls,hrf,HbO,368.0,520,21.779684585488045,0.001,539.7,0.42457718522425125,2.8994707490233886,0.2957453825801407,85.85178804144634,0.23959581447150635,9817,-0.022281721063372867,0.05794282506801592,0.9531240630316321,51.0
nn22_resting,0,bspline:8,global,ar_irls,hrf,HbR,368.0,520,21.779684585488045,0.001,539.7,0.31936458127889494,3.4216331092336105,0.42466215567260623,77.71782048736087,0.187981142456772,9817,0.01633812161885335,0.03081161560609139,0.9222607892521162,51.0
nn22_resting,0,bspline:8,global,ar_irls,residual,HbO,368.0,520,21.779684585488045,0.001,539.7,-0.022061523175407546,94.23356420944437,6.580967747247932,95.37307577741296,0.032263776930998654,9817,-0.11053349277488322,0.3538513408051163,-0.09638367440327844,51.0
nn22_resting,0,bspline:8,global,ar_irls,residual,HbR,368.0,520,21.779684585488045,0.001,539.7,-0.006758665871475562,459.6733453503773,22.514369075713066,85.85178804144634,0.04520104076780734,9817,0.12594732589003388,0.4025674824937712,0.15117729744611344,51.0
nn22_resting,0,bspline:8,global,ar_irls,cleaned,HbO,368.0,520,21.779684585488045,0.001,539.7,-0.0021341883725404815,93.99560970804615,6.564293946674675,95.37307577741296,0.04177135931476522,9817,0.059548849873901674,0.3081062848343551,0.39005337829134074,51.0
nn22_resting,0,bspline:8,global,ar_irls,cleaned,HbR,368.0,520,21.779684585488045,0.001,539.7,-0.0007479913850992832,461.59141138868347,22.53150454393098,85.85178804144634,0.046609329356278914,9817,0.06494185218545512,0.4017927577187168,0.28691279916913853,51.0
nn22_resting,0,butter:0.01,baseline,ar_irls,hrf,HbO,368.0,520,21.779684585488045,0.001,378.9,0.3805534594597676,3.758422764995678,0.37175814777006483,83.91772430305986,0.18324584144541292,9817,-0.04089040285423455,0.07939517989410011,0.9170645913897513,51.0
nn22_resting,0,butter:0.01,baseline,ar_irls,hrf,HbR,368.0,520,21.779684585488045,0.001,378.9,0.218889729016483,4.496683688580213,0.5609330603627526,95.98389286898514,0.1553496780865575,9817,0.00030695902049184123,0.03223413823733724,0.898468280907602,51.0
nn22_resting,0,butter:0.01,baseline,ar_irls,residual,HbO,368.0,520,21.779684585488045,0.001,378.9,-0.022847154936553565,3.3985640896521,0.4469852304019455,94.46476818050292,0.09944503666232593,9817,-0.09585036187834699,0.18754148927868813,0.11867567152529895,51.0
nn22_resting,0,butter:0.01,baseline,ar_irls,residual,HbR,368.0,520,21.779684585488045,0.001,378.9,0.045972979855838904,6.6286607404373425,0.7929071598632199,94.705528005587,0.12045029228039278,9817,0.0578682865126686,0.0808350694619767,0.29256841735003797,51.0
nn22_resting,0,butter:0.01,baseline,ar_irls,cleaned,HbO,368.0,520,21.779684585488045,0.001,378.9,0.2547070917391899,4.666142671068759,0.4998302885898448,74.03596036371043,0.1702844540768508,9817,0.05662064066932052,0.12049703131566374,0.832704714596035,51.0
nn22_resting,0,butter:0.01,baseline,ar_irls,cleaned,HbR,368.0,520,21.779684585488045,0.001,378.9,0.2570550029114954,6.340816146012599,0.5899635643656387,94.705528005587,0.17668650222316998,9817,-0.0183091515421579,0.03366077764522422,0.9392158213900577,51.0
nn22_resting,0,butter:0.01,global,ar_irls,hrf,HbO,368.0,520,21.779684585488045,0.001,324.7,0.4113350844592548,2.744225971081704,0.2991092224399605,85.85178804144634,0.23033835480202908,9817,-0.02837148733330001,0.060079260560553925,0.9460168448969116,51.0
nn22_resting,0,butter:0.01,global,ar_irls,hrf,HbR,368.0,520,21.779684585488045,0.001,324.7,0.32750685232314736,3.447701255377231,0.417062435043755,77.71782048736087,0.18845281397580185,9817,0.014136147016422516,0.027792320480805748,0.9300315589580864,51.0
nn22_resting,0,butter:0.01,global,ar_irls,residual,HbO,368.0,520,21.779684585488045,0.001,324.7,0.046541289752028495,3.2470397366037496,0.36249270647163023,74.03596036371043,0.07616983103887222,9817,-0.16586197390879598,0.22088149471379895,0.2144388260445399,51.0
nn22_resting,0,butter:0.01,global,ar_irls,residual,HbR,368.0,520,21.779684585488045,0.001,324.7,0.03586349121428461,4.221988134265748,0.5999221213650985,72.72938934237767,0.10913195890802464,9817,0.06485484762476361,0.08277969476951298,0.4623823848630477,51.0
nn22_resting,0,butter:0.01,global,ar_irls,cleaned,HbO,368.0,520,21.779684585488045,0.001,324.7,0.27248958742554263,5.42639897448299,0.5042132265727673,74.03596036371043,0.1681463643449293,9817,-0.0015430134340599514,0.0962900557499087,0.8604221591323105,51.0
nn22_resting,0,butter:0.01,global,ar_irls,cleaned,HbR,368.0,520,21.779684585488045,0.001,324.7,0.24439618282330156,6.671997952165292,0.6265621107712838,94.705528005587,0.1706106972138083,9817,0.0017654152575956477,0.029485443226437966,0.9291752334029837,51.0
