family,constellation,noise_model,chromo,n_subjects,lat_index,mean_beta_left,mean_beta_right,n_sig_left,n_sig_right,max_channel,max_hemisphere,max_position,max_beta,tmax_channel,tmax_hemisphere,tmax_position,tmax
dct:0.02,baseline,ar_irls,HbO,25,0.017306861251005737,0.07261871865550333,0.055311857404497594,15,14,S2D1,left,C1-FC1,0.16240713634319906,S3D1,left,FC3-FC1,4.999486152704654
dct:0.02,baseline,ar_irls,HbR,25,-0.009699169937434339,-0.01685193114594916,-0.00715276120851482,12,4,S2D1,left,C1-FC1,-0.06276335725873898,S3D5,left,FC3-FC5,-5.489590737850401
none,baseline,ols,HbO,25,0.04889220196808467,0.09064624584170766,0.04175404387362299,9,7,S2D1,left,C1-FC1,0.22627521192527827,S15D15,right,F2-FC2,5.541437862064136
none,baseline,ols,HbR,25,0.0024867602035806777,-0.024556734531227437,-0.027043494734808115,9,2,S2D1,left,C1-FC1,-0.09081829390868675,S2D4,left,C1-C3,-4.481915096141285
poly:3,baseline,ols,HbO,25,0.022316786968209615,0.07395620963014381,0.05163942266193419,10,10,S2D1,left,C1-FC1,0.19415407601962367,S2D1,left,C1-FC1,5.0102792754681476
poly:3,baseline,ols,HbR,25,-0.00712497841166935,-0.009993137824232423,-0.0028681594125630726,13,9,S2D1,left,C1-FC1,-0.07363378261770541,S2D1,left,C1-FC1,-5.549152901129364
dct:0.02,baseline,ols,HbO,25,0.019888192044661218,0.0861019633233188,0.06621377127865759,15,16,S2D1,left,C1-FC1,0.18446520721362245,S2D1,left,C1-FC1,5.029936285075791
dct:0.02,baseline,ols,HbR,25,-0.009857648584168767,-0.017834698702257873,-0.007977050118089106,11,4,S2D1,left,C1-FC1,-0.06702956255041724,S3D5,left,FC3-FC5,-5.825959736177125
dct:0.02,global,ols,HbO,25,0.024235149184674534,0.012117574592337295,-0.012117574592337239,11,4,S2D1,left,C1-FC1,0.10896841798633009,S2D1,left,C1-FC1,4.892055667462382
dct:0.02,global,ols,HbR,25,-0.010096357617763736,-0.005048178808881845,0.0050481788088818915,10,5,S2D1,left,C1-FC1,-0.04887000860381676,S3D5,left,FC3-FC5,-5.193098157542104
butter:0.01,baseline,ols,HbO,25,0.020751120514612566,0.07922098395549738,0.05846986344088482,13,12,S2D1,left,C1-FC1,0.17843083097196275,S2D1,left,C1-FC1,4.896246396431206
butter:0.01,baseline,ols,HbR,25,-0.00843773670461417,-0.011689758065664906,-0.0032520213610507352,9,3,S2D1,left,C1-FC1,-0.07106749800963068,S3D5,left,FC3-FC5,-5.176724224480713
