family,systemic,noise_model,trial_type,chromo,n_subjects,n_channels,n_significant,beta_mean,beta_max,t_max,reliability_r,n_half_pairs,lat_left,lat_right,loc_err_mm,loc_err_wrong_mm,peak_uM,hbr_hbo_ratio,hbo_hbr_corr
none,none,ols,Tapping/Left,HbO,5,20,2,0.24534666988085663,0.471137177604635,9.42481118925846,0.4156411898655014,5,0.1739287975261063,0.01769182554820717,48.2810572282779,132.19528546105843,10.287471219472385,-0.3151333161263961,-0.5432981799446016
none,none,ols,Tapping/Left,HbR,5,20,0,-0.0695922184745508,0.1631184752285698,5.626087074085558,0.4156411898655014,5,0.1739287975261063,0.01769182554820717,51.56663041561729,123.47503084442191,3.5724679069881207,-0.3151333161263961,-0.5432981799446016
none,none,ols,Tapping/Right,HbO,5,20,2,0.1961816675931595,0.35089033147784326,9.59333020823939,0.4156411898655014,5,0.1739287975261063,0.01769182554820717,132.3609344349231,54.4756614909107,8.969782198416866,-0.3151333161263961,-0.5432981799446016
none,none,ols,Tapping/Right,HbR,5,20,0,-0.03369395353137271,0.11230697692068956,3.4802181308932294,0.4156411898655014,5,0.1739287975261063,0.01769182554820717,129.7380244941875,48.996650975477166,2.547987816529511,-0.3151333161263961,-0.5432981799446016
none,none,ols,control,HbO,5,20,0,0.014872249618586613,0.08705520273073385,5.69644989154069,0.4156411898655014,5,0.1739287975261063,0.01769182554820717,,,,-0.3151333161263961,-0.5432981799446016
none,none,ols,control,HbR,5,20,0,-0.03283256824419929,0.07380346008939587,5.397011059406482,0.4156411898655014,5,0.1739287975261063,0.01769182554820717,,,,-0.3151333161263961,-0.5432981799446016
none,global_dm,ols,Tapping/Left,HbO,5,20,0,-8.182690636182599e-16,0.19496489966972388,3.7730862546375503,0.5594653119202275,5,0.12592632279001134,0.06942211628673745,16.766489078165208,108.80212100771637,3.1338528841048587,-0.2453209355745018,-0.4637833334576161
none,global_dm,ols,Tapping/Left,HbR,5,20,0,-1.6341095143701523e-16,0.10892556281465049,3.2806338237454127,0.5594653119202275,5,0.12592632279001134,0.06942211628673745,110.23717889116303,56.489649365659346,2.4728719679462503,-0.2453209355745018,-0.4637833334576161
none,global_dm,ols,Tapping/Right,HbO,5,20,0,-1.2698175844150228e-16,0.22888965033600614,6.237692722103737,0.5594653119202275,5,0.12592632279001134,0.06942211628673745,6.252835403806017,110.84646567739667,4.462625742105187,-0.2453209355745018,-0.4637833334576161
none,global_dm,ols,Tapping/Right,HbR,5,20,0,5.2735593669694933e-17,0.16567912219180295,3.103932379535493,0.5594653119202275,5,0.12592632279001134,0.06942211628673745,56.489649365659346,110.23717889116303,4.1273015772102575,-0.2453209355745018,-0.4637833334576161
none,global_dm,ols,control,HbO,5,20,0,3.7470027081099033e-16,0.11603757177070276,3.1637940342810693,0.5594653119202275,5,0.12592632279001134,0.06942211628673745,,,,-0.2453209355745018,-0.4637833334576161
none,global_dm,ols,control,HbR,5,20,0,1.368696822545701e-16,0.03303157747167378,3.70154377168152,0.5594653119202275,5,0.12592632279001134,0.06942211628673745,,,,-0.2453209355745018,-0.4637833334576161
none,short_avg_dm,ols,Tapping/Left,HbO,5,20,1,0.19567871147729782,0.44215144440559156,7.1845645280143815,0.5199981411542334,5,0.17901218095397753,0.007108478393690831,48.2810572282779,132.19528546105843,8.863409284351304,-0.39492068314264944,-0.7579407167783079
none,short_avg_dm,ols,Tapping/Left,HbR,5,20,3,-0.09478941230793339,0.19269096604347286,8.854486708425862,0.5199981411542334,5,0.17901218095397753,0.007108478393690831,51.56663041561729,123.47503084442191,4.977662247450341,-0.39492068314264944,-0.7579407167783079
none,short_avg_dm,ols,Tapping/Right,HbO,5,20,1,0.17181662179289808,0.3199286925550717,8.937277113049163,0.5199981411542334,5,0.17901218095397753,0.007108478393690831,131.92680081596555,55.94450203524685,8.957772444410832,-0.39492068314264944,-0.7579407167783079
none,short_avg_dm,ols,Tapping/Right,HbR,5,20,0,-0.04587250089677533,0.11223346725429828,3.2029869687803134,0.5199981411542334,5,0.17901218095397753,0.007108478393690831,129.7380244941875,48.996650975477166,3.07165373676875,-0.39492068314264944,-0.7579407167783079
none,short_avg_dm,ols,control,HbO,5,20,0,-0.033677004200879865,0.12930371962072376,2.506662236748287,0.5199981411542334,5,0.17901218095397753,0.007108478393690831,,,,-0.39492068314264944,-0.7579407167783079
none,short_avg_dm,ols,control,HbR,5,20,0,-0.011297924438847334,0.044659402095597676,4.15868139710374,0.5199981411542334,5,0.17901218095397753,0.007108478393690831,,,,-0.39492068314264944,-0.7579407167783079
none,short_avg_sub,ols,Tapping/Left,HbO,5,20,1,0.19561186845765552,0.44203062521928926,7.190015801508142,0.5199578273947221,5,0.1789808859242655,0.00715635878975962,48.2810572282779,132.19528546105843,8.860625500661484,-0.39436066806466935,-0.7574870679339536
none,short_avg_sub,ols,Tapping/Left,HbR,5,20,3,-0.09464546217315675,0.19254807711106106,8.867339040673599,0.5199578273947221,5,0.1789808859242655,0.00715635878975962,51.56663041561729,123.47503084442191,4.971073796023771,-0.39436066806466935,-0.7574870679339536
none,short_avg_sub,ols,Tapping/Right,HbO,5,20,1,0.17173014300602488,0.31974114230933137,8.943909403989482,0.5199578273947221,5,0.1789808859242655,0.00715635878975962,131.92680081596555,55.94450203524685,8.953793322248329,-0.39436066806466935,-0.7574870679339536
none,short_avg_sub,ols,Tapping/Right,HbR,5,20,0,-0.045814014973468334,0.11206193679187919,3.217557037365975,0.5199578273947221,5,0.1789808859242655,0.00715635878975962,129.7380244941875,48.996650975477166,3.0700113359793524,-0.39436066806466935,-0.7574870679339536
none,short_avg_sub,ols,control,HbO,5,20,0,-0.033715318110353,0.12929408260711112,2.505791896336387,0.5199578273947221,5,0.1789808859242655,0.00715635878975962,,,,-0.39436066806466935,-0.7574870679339536
none,short_avg_sub,ols,control,HbR,5,20,0,-0.011366728258295974,0.04479126403377524,4.162544347306756,0.5199578273947221,5,0.1789808859242655,0.00715635878975962,,,,-0.39436066806466935,-0.7574870679339536
none,short_maxcorr_dm,ols,Tapping/Left,HbO,5,20,0,0.16636051997356724,0.3927882352340612,8.592525283481162,0.2296510706801347,5,0.1278337778222669,0.06346639910048639,44.491405290723726,123.73567028585215,6.0392820609507245,-0.33038361507393965,-0.6756323147579779
none,short_maxcorr_dm,ols,Tapping/Left,HbR,5,20,0,-0.060682504418610415,0.14870901744192894,5.212951574115032,0.2296510706801347,5,0.1278337778222669,0.06346639910048639,51.56663041561729,123.47503084442191,3.3654978673570835,-0.33038361507393965,-0.6756323147579779
none,short_maxcorr_dm,ols,Tapping/Right,HbO,5,20,0,0.12849763205893822,0.35646831766902337,6.043084780679432,0.2296510706801347,5,0.1278337778222669,0.06346639910048639,13.266731369440098,102.72525791490989,6.179476220705493,-0.33038361507393965,-0.6756323147579779
none,short_maxcorr_dm,ols,Tapping/Right,HbR,5,20,0,-0.023398371388754148,0.12042423511203988,4.507703895800322,0.2296510706801347,5,0.1278337778222669,0.06346639910048639,17.69963242100855,120.46991357354662,2.5917152616336123,-0.33038361507393965,-0.6756323147579779
none,short_maxcorr_dm,ols,control,HbO,5,20,0,0.02807436546262687,0.07814837457362542,2.170286555734471,0.2296510706801347,5,0.1278337778222669,0.06346639910048639,,,,-0.33038361507393965,-0.6756323147579779
none,short_maxcorr_dm,ols,control,HbR,5,20,0,0.0013177145053915667,0.0274261950522532,2.490939790293862,0.2296510706801347,5,0.1278337778222669,0.06346639910048639,,,,-0.33038361507393965,-0.6756323147579779
none,short_closest_dm,ols,Tapping/Left,HbO,5,20,1,0.21981098416393974,0.4952019165543806,52.683557344530804,0.38418180153173553,5,0.1547049591551325,0.10380830635764385,19.615029189795187,102.19059756355716,6.378758157633939,-0.279291425609572,-0.5715967266942511
none,short_closest_dm,ols,Tapping/Left,HbR,5,20,2,-0.0682254634357302,0.1612099879915953,11.194697858438229,0.38418180153173553,5,0.1547049591551325,0.10380830635764385,51.56663041561729,123.47503084442191,3.512966944884243,-0.279291425609572,-0.5715967266942511
none,short_closest_dm,ols,Tapping/Right,HbO,5,20,1,0.14080442484236677,0.3489123951287694,10.712633772340338,0.38418180153173553,5,0.1547049591551325,0.10380830635764385,12.439277133815978,105.91559982758442,6.662215113687896,-0.279291425609572,-0.5715967266942511
none,short_closest_dm,ols,Tapping/Right,HbR,5,20,0,-0.04083358117484777,0.1086306390076787,3.524841341383216,0.38418180153173553,5,0.1547049591551325,0.10380830635764385,47.54247571405359,130.86721789054545,2.4533850110540114,-0.279291425609572,-0.5715967266942511
none,short_closest_dm,ols,control,HbO,5,20,0,0.027770543914156166,0.11284530117808107,4.858846341978267,0.38418180153173553,5,0.1547049591551325,0.10380830635764385,,,,-0.279291425609572,-0.5715967266942511
none,short_closest_dm,ols,control,HbR,5,20,0,-0.007975397205097998,0.04073941709962474,3.7725076747695043,0.38418180153173553,5,0.1547049591551325,0.10380830635764385,,,,-0.279291425609572,-0.5715967266942511
poly:1,none,ols,Tapping/Left,HbO,5,20,1,0.20194736625669477,0.4222061685072636,7.290471227604861,0.3542255653067771,5,0.16115037746347105,0.0498434144041633,48.2810572282779,132.19528546105843,8.399573322169207,-0.4157119079895405,-0.7179444483566461
poly:1,none,ols,Tapping/Left,HbR,5,20,4,-0.08513183590652365,0.175516131875108,9.585155958932136,0.3542255653067771,5,0.16115037746347105,0.0498434144041633,51.56663041561729,123.47503084442191,4.363091032410495,-0.4157119079895405,-0.7179444483566461
poly:1,none,ols,Tapping/Right,HbO,5,20,0,0.12552822543999648,0.32631106813194216,5.627421179722342,0.3542255653067771,5,0.16115037746347105,0.0498434144041633,13.266731369440098,102.72525791490989,5.993420955221358,-0.4157119079895405,-0.7179444483566461
poly:1,none,ols,Tapping/Right,HbR,5,20,0,-0.05349090596784167,0.116890647268389,3.48099361233082,0.3542255653067771,5,0.16115037746347105,0.0498434144041633,129.7380244941875,48.996650975477166,3.5099417837987925,-0.4157119079895405,-0.7179444483566461
poly:1,none,ols,control,HbO,5,20,1,0.07293241088047084,0.12553832647091406,11.21395635916287,0.3542255653067771,5,0.16115037746347105,0.0498434144041633,,,,-0.4157119079895405,-0.7179444483566461
poly:1,none,ols,control,HbR,5,20,0,-0.000925481129680752,0.04599137084722389,2.0023172881872005,0.3542255653067771,5,0.16115037746347105,0.0498434144041633,,,,-0.4157119079895405,-0.7179444483566461
poly:1,global_dm,ols,Tapping/Left,HbO,5,20,0,-2.5396351688300457e-16,0.19593916794596739,5.209870368082525,0.5262739558187324,5,0.12779643283898146,0.07078913539238979,19.615029189795187,102.19059756355716,3.022534640252546,-0.07289055696851882,-0.3868274747510705
poly:1,global_dm,ols,Tapping/Left,HbR,5,20,0,3.712308238590367e-17,0.16251449288380282,4.525244473833898,0.5262739558187324,5,0.12779643283898146,0.07078913539238979,110.23717889116303,56.489649365659346,3.877046282148425,-0.07289055696851882,-0.3868274747510705
poly:1,global_dm,ols,Tapping/Right,HbO,5,20,0,1.6514567491299204e-16,0.2221110663800349,3.1641812882565588,0.5262739558187324,5,0.12779643283898146,0.07078913539238979,6.252835403806017,110.84646567739667,4.333017336319694,-0.07289055696851882,-0.3868274747510705
poly:1,global_dm,ols,Tapping/Right,HbR,5,20,0,1.3877787807814458e-18,0.22998256845144266,2.731163642354696,0.5262739558187324,5,0.12779643283898146,0.07078913539238979,56.489649365659346,110.23717889116303,5.6855064240385245,-0.07289055696851882,-0.3868274747510705
poly:1,global_dm,ols,control,HbO,5,20,0,3.406996906818449e-16,0.08760260864794031,3.900796723272953,0.5262739558187324,5,0.12779643283898146,0.07078913539238979,,,,-0.07289055696851882,-0.3868274747510705
poly:1,global_dm,ols,control,HbR,5,20,0,9.107298248878237e-17,0.02913403995242625,2.7195328953413003,0.5262739558187324,5,0.12779643283898146,0.07078913539238979,,,,-0.07289055696851882,-0.3868274747510705
poly:1,short_avg_dm,ols,Tapping/Left,HbO,5,20,0,0.15812123855609667,0.39668467437305893,5.711049401919745,0.2512856862173284,5,0.1617080504497243,0.04622369463981327,48.2810572282779,132.19528546105843,7.532144123104333,-0.4548760648581665,-0.7839641572507502
poly:1,short_avg_dm,ols,Tapping/Left,HbR,5,20,0,-0.07923327218264195,0.17529473718055968,7.858175900765462,0.2512856862173284,5,0.1617080504497243,0.04622369463981327,51.56663041561729,123.47503084442191,4.218651767246003,-0.4548760648581665,-0.7839641572507502
poly:1,short_avg_dm,ols,Tapping/Right,HbO,5,20,0,0.11433692058613061,0.3101321301473068,6.371922708432048,0.2512856862173284,5,0.1617080504497243,0.04622369463981327,129.7380244941875,48.996650975477166,6.1462375192927015,-0.4548760648581665,-0.7839641572507502
poly:1,short_avg_dm,ols,Tapping/Right,HbR,5,20,0,-0.050140314638190166,0.11696216573289737,3.722797959615574,0.2512856862173284,5,0.1617080504497243,0.04622369463981327,132.3609344349231,54.4756614909107,3.2816166230789356,-0.4548760648581665,-0.7839641572507502
poly:1,short_avg_dm,ols,control,HbO,5,20,0,0.011584406526886245,0.06333449205965763,1.9996924067127535,0.2512856862173284,5,0.1617080504497243,0.04622369463981327,,,,-0.4548760648581665,-0.7839641572507502
poly:1,short_avg_dm,ols,control,HbR,5,20,0,-0.00021797159058607098,0.025075548336041437,1.818556275888439,0.2512856862173284,5,0.1617080504497243,0.04622369463981327,,,,-0.4548760648581665,-0.7839641572507502
poly:1,short_avg_sub,ols,Tapping/Left,HbO,5,20,0,0.17261337494820578,0.41678740155428323,6.492602221564818,0.34866729438941674,5,0.17300280337433094,0.02437766027322036,48.2810572282779,132.19528546105843,7.869460832812642,-0.47886179471114354,-0.8033110669216333
poly:1,short_avg_sub,ols,Tapping/Left,HbR,5,20,3,-0.09993949568463731,0.1964652732237347,9.482171996545317,0.34866729438941674,5,0.17300280337433094,0.02437766027322036,51.56663041561729,123.47503084442191,5.232957171295252,-0.47886179471114354,-0.8033110669216333
poly:1,short_avg_sub,ols,Tapping/Right,HbO,5,20,1,0.1409241936289311,0.3199016129059715,7.315674930190515,0.34866729438941674,5,0.17300280337433094,0.02437766027322036,131.92680081596555,55.94450203524685,7.313998833237474,-0.47886179471114354,-0.8033110669216333
poly:1,short_avg_sub,ols,Tapping/Right,HbR,5,20,0,-0.05334975125948906,0.12129679787087977,3.958885979924349,0.34866729438941674,5,0.17300280337433094,0.02437766027322036,132.3609344349231,54.4756614909107,3.4920493132171067,-0.47886179471114354,-0.8033110669216333
poly:1,short_avg_sub,ols,control,HbO,5,20,0,0.00021140686154096227,0.08470215939467306,2.0619457146691818,0.34866729438941674,5,0.17300280337433094,0.02437766027322036,,,,-0.47886179471114354,-0.8033110669216333
poly:1,short_avg_sub,ols,control,HbR,5,20,1,-0.0010100735193197489,0.031570878563668026,7.1676678238659415,0.34866729438941674,5,0.17300280337433094,0.02437766027322036,,,,-0.47886179471114354,-0.8033110669216333
poly:1,short_maxcorr_dm,ols,Tapping/Left,HbO,5,20,0,0.16247952956903272,0.4100594576108321,5.774399431918629,0.2020104940792138,5,0.13583863247987385,0.0555826196736042,19.615029189795187,102.19059756355716,5.447036729927456,-0.34652873584711624,-0.7587093676394416
poly:1,short_maxcorr_dm,ols,Tapping/Left,HbR,5,20,0,-0.06569347139685822,0.1619622914963859,6.544690349513363,0.2020104940792138,5,0.13583863247987385,0.0555826196736042,51.56663041561729,123.47503084442191,3.2154936426874756,-0.34652873584711624,-0.7587093676394416
poly:1,short_maxcorr_dm,ols,Tapping/Right,HbO,5,20,0,0.12392534135114035,0.3247544083361582,5.583768073826156,0.2020104940792138,5,0.13583863247987385,0.0555826196736042,13.266731369440098,102.72525791490989,5.860435511416893,-0.34652873584711624,-0.7587093676394416
poly:1,short_maxcorr_dm,ols,Tapping/Right,HbR,5,20,0,-0.03621379550813314,0.09886727967946393,3.205417562662459,0.2020104940792138,5,0.13583863247987385,0.0555826196736042,132.3609344349231,54.4756614909107,2.54933411031049,-0.34652873584711624,-0.7587093676394416
poly:1,short_maxcorr_dm,ols,control,HbO,5,20,0,0.025214184065950114,0.055551684322159824,2.2497470214296516,0.2020104940792138,5,0.13583863247987385,0.0555826196736042,,,,-0.34652873584711624,-0.7587093676394416
poly:1,short_maxcorr_dm,ols,control,HbR,5,20,0,0.003414323462921617,0.020400325709297996,1.701384465458308,0.2020104940792138,5,0.13583863247987385,0.0555826196736042,,,,-0.34652873584711624,-0.7587093676394416
poly:1,short_closest_dm,ols,Tapping/Left,HbO,5,20,3,0.19364473974783364,0.44320791832613826,7.1626817637561695,0.42917630531550977,5,0.1406389639675946,0.09857005037996168,19.615029189795187,102.19059756355716,5.881704991577907,-0.3751447166579848,-0.7727781258106001
poly:1,short_closest_dm,ols,Tapping/Left,HbR,5,20,2,-0.07623241337766112,0.16824058749287563,14.277890561650294,0.42917630531550977,5,0.1406389639675946,0.09857005037996168,43.88125355959473,119.58357664819592,3.310112407230734,-0.3751447166579848,-0.7727781258106001
poly:1,short_closest_dm,ols,Tapping/Right,HbO,5,20,2,0.12175219894604941,0.31292201514519424,39.45801539647259,0.42917630531550977,5,0.1406389639675946,0.09857005037996168,13.266731369440098,102.72525791490989,5.699456067497679,-0.3751447166579848,-0.7727781258106001
poly:1,short_closest_dm,ols,Tapping/Right,HbR,5,20,0,-0.05105359912908303,0.11499763017855628,4.331720955928162,0.42917630531550977,5,0.1406389639675946,0.09857005037996168,132.3609344349231,54.4756614909107,2.855459730354959,-0.3751447166579848,-0.7727781258106001
poly:1,short_closest_dm,ols,control,HbO,5,20,1,0.04031880588711377,0.10098678868625899,7.018164200857277,0.42917630531550977,5,0.1406389639675946,0.09857005037996168,,,,-0.3751447166579848,-0.7727781258106001
poly:1,short_closest_dm,ols,control,HbR,5,20,0,0.0007111840246655396,0.02860984655270198,2.1712782800253265,0.42917630531550977,5,0.1406389639675946,0.09857005037996168,,,,-0.3751447166579848,-0.7727781258106001
poly:3,none,ols,Tapping/Left,HbO,5,20,4,0.24035605054990267,0.4632881722934051,12.217852873578913,0.42275144614664717,5,0.1730794179024551,0.034435845407920745,48.2810572282779,132.19528546105843,10.548725537713494,-0.35164028229247557,-0.7406261341545307
poly:3,none,ols,Tapping/Left,HbR,5,20,1,-0.07017777986188557,0.162910783688018,9.093574685851788,0.42275144614664717,5,0.1730794179024551,0.034435845407920745,51.56663041561729,123.47503084442191,3.739771477479161,-0.35164028229247557,-0.7406261341545307
poly:3,none,ols,Tapping/Right,HbO,5,20,0,0.14575526345913004,0.32316539541686673,4.780435483994191,0.42275144614664717,5,0.1730794179024551,0.034435845407920745,129.7380244941875,48.996650975477166,6.6682718867669415,-0.35164028229247557,-0.7406261341545307
poly:3,none,ols,Tapping/Right,HbR,5,20,0,-0.05398597504208365,0.12269955374739835,5.443582956558962,0.42275144614664717,5,0.1730794179024551,0.034435845407920745,129.7380244941875,48.996650975477166,3.263167936669172,-0.35164028229247557,-0.7406261341545307
poly:3,none,ols,control,HbO,5,20,1,0.07130138356497319,0.11679630804555877,8.8146668384112,0.42275144614664717,5,0.1730794179024551,0.034435845407920745,,,,-0.35164028229247557,-0.7406261341545307
poly:3,none,ols,control,HbR,5,20,0,-0.0012407501292211124,0.055995206269156515,1.557657287105038,0.42275144614664717,5,0.1730794179024551,0.034435845407920745,,,,-0.35164028229247557,-0.7406261341545307
