family,systemic,noise_model,trial_type,chromo,n_subjects,n_channels,n_significant,beta_mean,beta_max,t_max,reliability_r,n_half_pairs,reliability_method,lat_left,lat_right,loc_err_mm,loc_err_wrong_mm,peak_uM,hbr_hbo_ratio,hbo_hbr_corr
butterxy:0.01,none,ols,Tapping/Left,HbO,5,20,8,0.25922326320107675,0.48317959667979193,13.030553406959216,0.944206231486521,5,joint_even_odd_v1,0.15678913518364065,0.00042566394886456305,44.491405290723726,123.73567028585215,9.960652621225242,-0.2973798083727803,-0.7863905975662067
butterxy:0.01,none,ols,Tapping/Left,HbR,5,20,1,-0.06082466607664677,0.15178151639241838,14.255849910835993,0.944206231486521,5,joint_even_odd_v1,0.15678913518364065,0.00042566394886456305,43.88125355959473,119.58357664819592,3.1077282649818936,-0.2973798083727803,-0.7863905975662067
butterxy:0.01,none,ols,Tapping/Right,HbO,5,20,3,0.20211060305046485,0.3502055372916212,7.926682323374291,0.944206231486521,5,joint_even_odd_v1,0.15678913518364065,0.00042566394886456305,129.7380244941875,48.996650975477166,7.956293040204305,-0.2973798083727803,-0.7863905975662067
butterxy:0.01,none,ols,Tapping/Right,HbR,5,20,2,-0.06102347861873636,0.13945907255150886,11.260784353199254,0.944206231486521,5,joint_even_odd_v1,0.15678913518364065,0.00042566394886456305,131.92680081596555,55.94450203524685,3.4905111329564975,-0.2973798083727803,-0.7863905975662067
butterxy:0.01,none,ols,control,HbO,5,20,1,-0.021204178688111325,0.05038981202532968,5.816442986508683,0.944206231486521,5,joint_even_odd_v1,0.15678913518364065,0.00042566394886456305,,,,-0.2973798083727803,-0.7863905975662067
butterxy:0.01,none,ols,control,HbR,5,20,0,0.0020502766380856457,0.021010397118910513,2.6855806075266124,0.944206231486521,5,joint_even_odd_v1,0.15678913518364065,0.00042566394886456305,,,,-0.2973798083727803,-0.7863905975662067
butterxy:0.01,global_dm,ols,Tapping/Left,HbO,5,20,0,1.806887972577442e-15,0.18511397137486835,4.904259203823608,0.8048904272064622,5,joint_even_odd_v1,0.12141576516364948,0.02691525985070188,19.615029189795187,102.19059756355716,3.0371399470529328,-0.28778831940919286,-0.41105224954391295
butterxy:0.01,global_dm,ols,Tapping/Left,HbR,5,20,0,-9.544448564824393e-16,0.11066392176611987,5.5051201055525,0.8048904272064622,5,joint_even_odd_v1,0.12141576516364948,0.02691525985070188,99.34272265067743,17.4652369480196,1.6918189631909477,-0.28778831940919286,-0.41105224954391295
butterxy:0.01,global_dm,ols,Tapping/Right,HbO,5,20,0,7.103692634125025e-15,0.1524414387505629,3.7709875599386815,0.8048904272064622,5,joint_even_odd_v1,0.12141576516364948,0.02691525985070188,4.1211128945499755,112.21736656806175,3.0662624743416727,-0.28778831940919286,-0.41105224954391295
butterxy:0.01,global_dm,ols,Tapping/Right,HbR,5,20,0,8.663209039028174e-16,0.11227471754310918,4.440633736236222,0.8048904272064622,5,joint_even_odd_v1,0.12141576516364948,0.02691525985070188,56.489649365659346,110.23717889116303,2.3624114157266014,-0.28778831940919286,-0.41105224954391295
butterxy:0.01,global_dm,ols,control,HbO,5,20,0,-1.6945321014427694e-15,0.02602264432352903,1.8589859279714902,0.8048904272064622,5,joint_even_odd_v1,0.12141576516364948,0.02691525985070188,,,,-0.28778831940919286,-0.41105224954391295
butterxy:0.01,global_dm,ols,control,HbR,5,20,0,-6.131380125840024e-16,0.024010544622613914,4.31197702374801,0.8048904272064622,5,joint_even_odd_v1,0.12141576516364948,0.02691525985070188,,,,-0.28778831940919286,-0.41105224954391295
butterxy:0.01,short_avg_dm,ols,Tapping/Left,HbO,5,20,0,0.1665481291392288,0.3913815756001441,6.5972187933126305,0.8606561328427701,5,joint_even_odd_v1,0.14825076367384654,0.0026427567644831673,44.491405290723726,123.73567028585215,7.469540875176047,-0.3729722430521442,-0.8008532616203544
butterxy:0.01,short_avg_dm,ols,Tapping/Left,HbR,5,20,0,-0.05319495902562932,0.1448080347333344,6.131964196687365,0.8606561328427701,5,joint_even_odd_v1,0.14825076367384654,0.0026427567644831673,44.491405290723726,123.73567028585215,2.9134546920422193,-0.3729722430521442,-0.8008532616203544
butterxy:0.01,short_avg_dm,ols,Tapping/Right,HbO,5,20,1,0.15694510459039232,0.2985996289288266,14.475258249166332,0.8606561328427701,5,joint_even_odd_v1,0.14825076367384654,0.0026427567644831673,129.7380244941875,48.996650975477166,6.879355949491197,-0.3729722430521442,-0.8008532616203544
butterxy:0.01,short_avg_dm,ols,Tapping/Right,HbR,5,20,0,-0.054719935962030154,0.12689640675528618,7.120012893406749,0.8606561328427701,5,joint_even_odd_v1,0.14825076367384654,0.0026427567644831673,131.92680081596555,55.94450203524685,3.2483073287744118,-0.3729722430521442,-0.8008532616203544
butterxy:0.01,short_avg_dm,ols,control,HbO,5,20,0,-0.01910087394435047,0.04651865025566443,8.269184983486186,0.8606561328427701,5,joint_even_odd_v1,0.14825076367384654,0.0026427567644831673,,,,-0.3729722430521442,-0.8008532616203544
butterxy:0.01,short_avg_dm,ols,control,HbR,5,20,0,0.0019482326072977347,0.02227897697212506,3.4020958588627033,0.8606561328427701,5,joint_even_odd_v1,0.14825076367384654,0.0026427567644831673,,,,-0.3729722430521442,-0.8008532616203544
butterxy:0.01,short_avg_sub,ols,Tapping/Left,HbO,5,20,0,0.15944706882010462,0.39976729510961434,6.518735939798538,0.8592160853580708,5,joint_even_odd_v1,0.1550264490757658,-0.018922314794006495,44.491405290723726,123.73567028585215,6.881300202229052,-0.40872551942338586,-0.8509284664413854
butterxy:0.01,short_avg_sub,ols,Tapping/Left,HbR,5,20,1,-0.07072600450911064,0.16896726504393622,10.942655538620638,0.8592160853580708,5,joint_even_odd_v1,0.1550264490757658,-0.018922314794006495,51.56663041561729,123.47503084442191,3.6607677627879496,-0.40872551942338586,-0.8509284664413854
butterxy:0.01,short_avg_sub,ols,Tapping/Right,HbO,5,20,0,0.1963527414173563,0.31618488214153523,7.47743096188431,0.8592160853580708,5,joint_even_odd_v1,0.1550264490757658,-0.018922314794006495,131.92680081596555,55.94450203524685,8.54241147565564,-0.40872551942338586,-0.8509284664413854
butterxy:0.01,short_avg_sub,ols,Tapping/Right,HbR,5,20,0,-0.0767653373008908,0.15292808746153697,4.93703697569771,0.8592160853580708,5,joint_even_odd_v1,0.1550264490757658,-0.018922314794006495,131.92680081596555,55.94450203524685,4.253589576225694,-0.40872551942338586,-0.8509284664413854
butterxy:0.01,short_avg_sub,ols,control,HbO,5,20,0,-0.025766787486104677,0.05753549223429551,6.647696656719251,0.8592160853580708,5,joint_even_odd_v1,0.1550264490757658,-0.018922314794006495,,,,-0.40872551942338586,-0.8509284664413854
butterxy:0.01,short_avg_sub,ols,control,HbR,5,20,0,0.005424563654981658,0.01682245935736097,2.9824514726947102,0.8592160853580708,5,joint_even_odd_v1,0.1550264490757658,-0.018922314794006495,,,,-0.40872551942338586,-0.8509284664413854
butterxy:0.01,short_maxcorr_dm,ols,Tapping/Left,HbO,5,20,0,0.1771760029082324,0.4237045665365834,10.589883517830566,0.8870647297883564,5,joint_even_odd_v1,0.1344165687451523,0.010616422562923361,44.491405290723726,123.73567028585215,6.304638825246112,-0.323788997482603,-0.7965817441348861
butterxy:0.01,short_maxcorr_dm,ols,Tapping/Left,HbR,5,20,0,-0.05676648640360077,0.1501460831319663,6.466717483318279,0.8870647297883564,5,joint_even_odd_v1,0.1344165687451523,0.010616422562923361,43.88125355959473,119.58357664819592,2.841177226304638,-0.323788997482603,-0.7965817441348861
butterxy:0.01,short_maxcorr_dm,ols,Tapping/Right,HbO,5,20,0,0.1698149364812916,0.359351623267294,6.251635568046004,0.8870647297883564,5,joint_even_odd_v1,0.1344165687451523,0.010616422562923361,129.7380244941875,48.996650975477166,6.175340895945306,-0.323788997482603,-0.7965817441348861
butterxy:0.01,short_maxcorr_dm,ols,Tapping/Right,HbR,5,20,0,-0.05708366703314498,0.13205057379931495,8.509768931674722,0.8870647297883564,5,joint_even_odd_v1,0.1344165687451523,0.010616422562923361,131.92680081596555,55.94450203524685,3.0961398839038066,-0.323788997482603,-0.7965817441348861
butterxy:0.01,short_maxcorr_dm,ols,control,HbO,5,20,0,-0.018478624803931098,0.041292365314413604,5.218301192236261,0.8870647297883564,5,joint_even_odd_v1,0.1344165687451523,0.010616422562923361,,,,-0.323788997482603,-0.7965817441348861
butterxy:0.01,short_maxcorr_dm,ols,control,HbR,5,20,0,0.003102069658422175,0.021544459224450512,2.315589756271705,0.8870647297883564,5,joint_even_odd_v1,0.1344165687451523,0.010616422562923361,,,,-0.323788997482603,-0.7965817441348861
butterxy:0.01,short_closest_dm,ols,Tapping/Left,HbO,5,20,6,0.19714246144322328,0.4162635318486575,13.096409233290137,0.8593866623903144,5,joint_even_odd_v1,0.12787484303322197,-0.0003051801418199329,43.88125355959473,119.58357664819592,6.446600915715281,-0.3525568622153648,-0.8282820119213674
butterxy:0.01,short_closest_dm,ols,Tapping/Left,HbR,5,20,1,-0.05762703664998329,0.15283461423222838,10.084491428688157,0.8593866623903144,5,joint_even_odd_v1,0.12787484303322197,-0.0003051801418199329,43.88125355959473,119.58357664819592,2.8783886718591694,-0.3525568622153648,-0.8282820119213674
butterxy:0.01,short_closest_dm,ols,Tapping/Right,HbO,5,20,1,0.17275019273711215,0.29740588527805256,10.211653345730772,0.8593866623903144,5,joint_even_odd_v1,0.12787484303322197,-0.0003051801418199329,123.47503084442191,51.56663041561729,6.069208798741118,-0.3525568622153648,-0.8282820119213674
butterxy:0.01,short_closest_dm,ols,Tapping/Right,HbR,5,20,0,-0.05783710483806923,0.13735724856295728,5.469833159926887,0.8593866623903144,5,joint_even_odd_v1,0.12787484303322197,-0.0003051801418199329,131.92680081596555,55.94450203524685,3.1095461104706468,-0.3525568622153648,-0.8282820119213674
butterxy:0.01,short_closest_dm,ols,control,HbO,5,20,1,-0.01865717924833365,0.04630786521285583,6.558023681176815,0.8593866623903144,5,joint_even_odd_v1,0.12787484303322197,-0.0003051801418199329,,,,-0.3525568622153648,-0.8282820119213674
butterxy:0.01,short_closest_dm,ols,control,HbR,5,20,0,0.002436973452062741,0.018369968936570134,2.065688134950906,0.8593866623903144,5,joint_even_odd_v1,0.12787484303322197,-0.0003051801418199329,,,,-0.3525568622153648,-0.8282820119213674
