variante,regressoren,chromo,n_seeds,n_channels,beta_true_med,bias,rmse,std
"alt: snr=10, ohne MC",baseline,HbO,3,20,0.39490220555613537,0.1989,0.2942,0.1601
"alt: snr=10, ohne MC",baseline,HbR,3,20,-0.15796088222245414,0.0179,0.0996,0.0606
"alt: snr=10, ohne MC",motion,HbO,3,20,0.39490220555613537,0.2102,0.2993,0.1603
"alt: snr=10, ohne MC",motion,HbR,3,20,-0.15796088222245414,0.018,0.0962,0.0582
neu: ohne MC,baseline,HbO,3,20,0.39490220555613537,0.1989,0.2942,0.1601
neu: ohne MC,baseline,HbR,3,20,-0.15796088222245414,0.0179,0.0996,0.0606
neu: ohne MC,motion,HbO,3,20,0.39490220555613537,0.2102,0.2993,0.1603
neu: ohne MC,motion,HbR,3,20,-0.15796088222245414,0.018,0.0962,0.0582
neu: wavelet,baseline,HbO,3,20,0.39490220555613537,0.2492,0.3756,0.2508
neu: wavelet,baseline,HbR,3,20,-0.15796088222245414,0.0177,0.1059,0.059
neu: wavelet,motion,HbO,3,20,0.39490220555613537,0.2416,0.3544,0.2312
neu: wavelet,motion,HbR,3,20,-0.15796088222245414,0.0177,0.0983,0.0643
neu: tddr+wavelet,baseline,HbO,3,20,0.39490220555613537,0.0585,0.19,0.1566
neu: tddr+wavelet,baseline,HbR,3,20,-0.15796088222245414,0.0707,0.1018,0.0404
neu: tddr+wavelet,motion,HbO,3,20,0.39490220555613537,0.0557,0.1887,0.1559
neu: tddr+wavelet,motion,HbR,3,20,-0.15796088222245414,0.0683,0.1002,0.0412
