family,constellation,noise_model,chromo,n_subjects,n_channels,n_significant,beta_mean,beta_max,t_max,reliability_r,n_run_pairs,hbr_hbo_ratio,hbo_hbr_corr
none,baseline,ar_irls,HbO,25,48,29,0.0615350275611794,0.1588975607787187,4.933696995084352,0.4941652652386438,74,-0.1638297018186644,-0.8874615827756887
none,baseline,ar_irls,HbR,25,48,14,-0.0104024946466981,0.0538716850071052,5.359520078812378,0.4941652652386438,74,-0.1638297018186644,-0.8874615827756887
none,baseline,ols,HbO,25,48,16,0.0662001448576653,0.2262752119252782,5.541437862064136,0.460958373361238,74,-0.3472771765224425,-0.715887190217937
none,baseline,ols,HbR,25,48,11,-0.0258001146330177,0.0908182939086867,4.481915096141285,0.460958373361238,74,-0.3472771765224425,-0.715887190217937
none,global,ar_irls,HbO,25,48,14,0.0042281183579361,0.1235839098124554,6.062111929066557,0.5340275130418661,74,-0.2586687591632409,-0.8808900960332714
none,global,ar_irls,HbR,25,48,11,-0.0038394663003283,0.0510558328630351,4.810821887837255,0.5340275130418661,74,-0.2586687591632409,-0.8808900960332714
none,global,ols,HbO,25,48,20,6.938893903907228e-18,0.168907246641219,6.9360492422307045,0.4304077934777092,74,-0.3699053393858332,-0.8164586248821106
none,global,ols,HbR,25,48,15,-2.5695591487906452e-17,0.1067922448809809,5.173135591312366,0.4304077934777092,74,-0.3699053393858332,-0.8164586248821106
poly:1,baseline,ar_irls,HbO,25,48,27,0.0636377286285229,0.1645712793549708,4.999843638651453,0.5049823445853936,74,-0.1823584528677888,-0.8921707912736934
poly:1,baseline,ar_irls,HbR,25,48,15,-0.0115377424396459,0.0549153296853648,5.236746900107765,0.5049823445853936,74,-0.1823584528677888,-0.8921707912736934
poly:1,baseline,ols,HbO,25,48,17,0.0614150099861624,0.2176872457042032,5.568710862216403,0.4525341848635761,74,-0.1524051593963728,-0.8538949834597236
poly:1,baseline,ols,HbR,25,48,9,3.008981875823793e-06,0.1154263147783074,4.471413320418693,0.4525341848635761,74,-0.1524051593963728,-0.8538949834597236
poly:1,global,ar_irls,HbO,25,48,10,0.0045343864136612,0.127130486431357,6.341783591522889,0.5483589466240899,74,-0.373229764829144,-0.8912347987202158
poly:1,global,ar_irls,HbR,25,48,10,-0.0040377007089568,0.0535353769925406,4.908875496114375,0.5483589466240899,74,-0.373229764829144,-0.8912347987202158
poly:1,global,ols,HbO,25,48,26,-6.013708050052931e-17,0.1584900300481532,6.995586746078224,0.4220343539373896,74,-0.3581962799118031,-0.8567342959806368
poly:1,global,ols,HbR,25,48,15,-4.6439993054795765e-17,0.0864429820390834,6.297812846538544,0.4220343539373896,74,-0.3581962799118031,-0.8567342959806368
poly:2,baseline,ar_irls,HbO,25,48,29,0.0614370615713621,0.16370849608746,4.903990758169272,0.5083223744036649,74,-0.2013392231701762,-0.898165804491873
poly:2,baseline,ar_irls,HbR,25,48,17,-0.011620724943121,0.0617564199264301,5.49283704827702,0.5083223744036649,74,-0.2013392231701762,-0.898165804491873
poly:2,baseline,ols,HbO,25,48,19,0.0609420884888908,0.1927223554407748,4.965060890111137,0.4435956278743247,74,-0.2446471000709876,-0.9172705287295602
poly:2,baseline,ols,HbR,25,48,20,-0.0052734120718915,0.0721434918469279,5.440736769002889,0.4435956278743247,74,-0.2446471000709876,-0.9172705287295602
poly:2,global,ar_irls,HbO,25,48,16,0.0034941669256719,0.119306642901934,5.925455238718693,0.5405272183731704,74,-0.2690822710403113,-0.8881362509333862
poly:2,global,ar_irls,HbR,25,48,12,-0.0043071275242436,0.0462168492115517,5.099261244229301,0.5405272183731704,74,-0.2690822710403113,-0.8881362509333862
poly:2,global,ols,HbO,25,48,27,-7.170190367370803e-17,0.1339838534076891,6.247999921068002,0.385200347075867,74,-0.4366524994934804,-0.911283133415066
poly:2,global,ols,HbR,25,48,20,1.1564823173178713e-18,0.0649857643080025,5.049319547706263,0.385200347075867,74,-0.4366524994934804,-0.911283133415066
poly:3,baseline,ar_irls,HbO,25,48,27,0.0615064968234735,0.1659854910919453,5.019686801845803,0.5258906866366247,74,-0.2339346752021263,-0.9001831219057397
poly:3,baseline,ar_irls,HbR,25,48,16,-0.011705776256486,0.0613382546868627,5.486554793322949,0.5258906866366247,74,-0.2339346752021263,-0.9001831219057397
poly:3,baseline,ols,HbO,25,48,20,0.062797816146039,0.1941540760196236,5.010279275468148,0.4395121769908624,74,-0.2329458963119867,-0.9171226741359352
poly:3,baseline,ols,HbR,25,48,22,-0.0064306486183977,0.0736337826177054,5.549152901129364,0.4395121769908624,74,-0.2329458963119867,-0.9171226741359352
poly:3,global,ar_irls,HbO,25,48,19,0.0032954606840008,0.120332248779648,6.06698880353574,0.5535086888349865,74,-0.2358616626996707,-0.8862438116457665
poly:3,global,ar_irls,HbR,25,48,13,-0.0044295357967786,0.046726419937204,5.158564483611588,0.5535086888349865,74,-0.2358616626996707,-0.8862438116457665
poly:3,global,ols,HbO,25,48,28,4.741577501003273e-17,0.1325295493537897,6.212427942845265,0.3751862771595793,74,-0.4198828502162804,-0.9070948095335748
poly:3,global,ols,HbR,25,48,19,-5.782411586589358e-19,0.0631659197945004,5.078275872792456,0.3751862771595793,74,-0.4198828502162804,-0.9070948095335748
poly:5,baseline,ar_irls,HbO,25,48,30,0.0636959056841624,0.1607816958902531,5.096553259998112,0.5334078362706549,74,-0.1765172333495144,-0.8879236315845745
poly:5,baseline,ar_irls,HbR,25,48,18,-0.0122833802769079,0.0608293177216604,5.598721764175802,0.5334078362706549,74,-0.1765172333495144,-0.8879236315845745
poly:5,baseline,ols,HbO,25,48,29,0.0780625698809123,0.1897604666374045,5.005854132555704,0.5163044155981527,74,-0.1830289877914113,-0.8670563111837956
poly:5,baseline,ols,HbR,25,48,19,-0.013634893197143,0.0673194148046322,5.675660011908455,0.5163044155981527,74,-0.1830289877914113,-0.8670563111837956
poly:5,global,ar_irls,HbO,25,48,12,0.0012791744284894,0.1117566764239215,5.146298536382307,0.5435280824205396,74,-0.3229839380781054,-0.8852108399829358
poly:5,global,ar_irls,HbR,25,48,9,-0.0030767110891706,0.0446136343041718,5.095357170456515,0.5435280824205396,74,-0.3229839380781054,-0.8852108399829358
poly:5,global,ols,HbO,25,48,19,1.8561541192951838e-16,0.109772062285124,5.307999894697734,0.470530983260341,74,-0.3004122633342215,-0.8581379016685632
poly:5,global,ols,HbR,25,48,15,3.9754079657801834e-18,0.0491772174219082,5.210688713599574,0.470530983260341,74,-0.3004122633342215,-0.8581379016685632
dct:0.005,baseline,ar_irls,HbO,25,48,28,0.0617018572955281,0.1662578817286332,4.982170702961364,0.5224940948853276,74,-0.1801955679537647,-0.9096615441820752
dct:0.005,baseline,ar_irls,HbR,25,48,17,-0.0114922190197935,0.0590025849663488,5.381040259496705,0.5224940948853276,74,-0.1801955679537647,-0.9096615441820752
dct:0.005,baseline,ols,HbO,25,48,16,0.05643524158922,0.2011922470346055,5.1110663721777065,0.4978634094217758,74,-0.2626409454834688,-0.9037731613647654
dct:0.005,baseline,ols,HbR,25,48,20,-0.0025479570975335,0.083947660612128,5.283096294201791,0.4978634094217758,74,-0.2626409454834688,-0.9037731613647654
dct:0.005,global,ar_irls,HbO,25,48,10,0.0042016103282206,0.1240170354936857,6.28559835971586,0.5352984764104017,74,-0.4052846275973912,-0.8943029317590554
dct:0.005,global,ar_irls,HbR,25,48,10,-0.0045187186071663,0.0504747877267202,5.113952136566674,0.5352984764104017,74,-0.4052846275973912,-0.8943029317590554
dct:0.005,global,ols,HbO,25,48,29,1.8330244729488262e-16,0.1454342645117284,6.917925021632734,0.4442588870970267,74,-0.3915528990917257,-0.9015800277108442
dct:0.005,global,ols,HbR,25,48,19,-1.7058114180438604e-17,0.0750858878555752,5.388782926719973,0.4442588870970267,74,-0.3915528990917257,-0.9015800277108442
dct:0.01,baseline,ar_irls,HbO,25,48,30,0.0660504060611184,0.1698484489511488,5.196960676066383,0.5453921933326391,74,-0.1844718892468176,-0.901023762359072
dct:0.01,baseline,ar_irls,HbR,25,48,18,-0.0127773390483168,0.0610931942509655,5.8076149183026935,0.5453921933326391,74,-0.1844718892468176,-0.901023762359072
dct:0.01,baseline,ols,HbO,25,48,26,0.0773293940772201,0.201196382407085,5.190077277590715,0.5470335334069968,74,-0.1901765104386068,-0.8859863218601118
dct:0.01,baseline,ols,HbR,25,48,19,-0.0131491382820759,0.0721124691358868,5.464208527586202,0.5470335334069968,74,-0.1901765104386068,-0.8859863218601118
dct:0.01,global,ar_irls,HbO,25,48,17,0.002607173528517,0.1157119785362421,5.866252534391397,0.5583339697662619,74,-0.2294631249410963,-0.8773409300934643
dct:0.01,global,ar_irls,HbR,25,48,10,-0.0033505367656452,0.0449782870095281,5.171755772023703,0.5583339697662619,74,-0.2294631249410963,-0.8773409300934643
dct:0.01,global,ols,HbO,25,48,26,-1.5612511283791264e-17,0.1230241479567659,5.919821166371436,0.4206978669568935,74,-0.3512290863197359,-0.8912552367203439
dct:0.01,global,ols,HbR,25,48,20,-2.5153490401663706e-17,0.0540260531001467,5.1444710399278,0.4206978669568935,74,-0.3512290863197359,-0.8912552367203439
dct:0.02,baseline,ar_irls,HbO,25,48,29,0.0639652880300004,0.162407136343199,4.999486152704654,0.5662967428688561,74,-0.1876479877228955,-0.8795785170810898
dct:0.02,baseline,ar_irls,HbR,25,48,16,-0.0120023461772319,0.0627633572587389,5.489590737850401,0.5662967428688561,74,-0.1876479877228955,-0.8795785170810898
dct:0.02,baseline,ols,HbO,25,48,31,0.0761578673009882,0.1844652072136224,5.02993628507579,0.5642243930227229,74,-0.1446549229934374,-0.8534785641752356
dct:0.02,baseline,ols,HbR,25,48,15,-0.0129058744101734,0.0670295625504172,5.825959736177126,0.5642243930227229,74,-0.1446549229934374,-0.8534785641752356
dct:0.02,global,ar_irls,HbO,25,48,16,-6.110817973438634e-05,0.1157462591155869,5.151573433949607,0.5569273134105786,74,-0.2808557516606812,-0.8813187893693127
dct:0.02,global,ar_irls,HbR,25,48,8,-0.0026064530132552,0.0448611665368541,4.941762508467268,0.5569273134105786,74,-0.2808557516606812,-0.8813187893693127
dct:0.02,global,ols,HbO,25,48,15,9.251858538542969e-18,0.1091953142467749,4.895857856300584,0.5356232761688218,74,-0.2674899105497211,-0.8584314844719366
dct:0.02,global,ols,HbR,25,48,15,-9.396418828207704e-19,0.048920532671337,5.11896134755247,0.5356232761688218,74,-0.2674899105497211,-0.8584314844719366
legendre:1,baseline,ar_irls,HbO,25,48,27,0.0636377286285216,0.1645712793549708,4.999843638651348,0.504982344585393,74,-0.182358452867786,-0.8921707912736898
legendre:1,baseline,ar_irls,HbR,25,48,15,-0.0115377424396458,0.0549153296853647,5.236746900107772,0.504982344585393,74,-0.182358452867786,-0.8921707912736898
legendre:1,baseline,ols,HbO,25,48,17,0.0614150099861624,0.2176872457042031,5.568710862216401,0.4525341848635767,74,-0.1524051593963712,-0.8538949834597243
legendre:1,baseline,ols,HbR,25,48,9,3.0089818759841103e-06,0.1154263147783076,4.471413320418688,0.4525341848635767,74,-0.1524051593963712,-0.8538949834597243
legendre:1,global,ar_irls,HbO,25,48,10,0.0045343864136614,0.1271304864313568,6.341783591522882,0.5483589466240913,74,-0.3732297648291444,-0.8912347987202014
legendre:1,global,ar_irls,HbR,25,48,10,-0.0040377007089569,0.0535353769925407,4.908875496114398,0.5483589466240913,74,-0.3732297648291444,-0.8912347987202014
legendre:1,global,ols,HbO,25,48,26,-6.245004513516506e-17,0.1584900300481533,6.995586746078241,0.4220343539373888,74,-0.3581962799118023,-0.8567342959806377
legendre:1,global,ols,HbR,25,48,15,-4.17779237131081e-17,0.0864429820390835,6.297812846538514,0.4220343539373888,74,-0.3581962799118023,-0.8567342959806377
legendre:3,baseline,ar_irls,HbO,25,48,27,0.0615064968234536,0.1659854910919454,5.019686801845788,0.5258906866366193,74,-0.2339346752021255,-0.9001831219060981
legendre:3,baseline,ar_irls,HbR,25,48,16,-0.0117057762564797,0.0613382546868627,5.486554793322951,0.5258906866366193,74,-0.2339346752021255,-0.9001831219060981
legendre:3,baseline,ols,HbO,25,48,20,0.0627978161460388,0.1941540760196236,5.01027927546815,0.4395121769908583,74,-0.232945896311986,-0.917122674135936
legendre:3,baseline,ols,HbR,25,48,22,-0.0064306486183975,0.0736337826177053,5.549152901129361,0.4395121769908583,74,-0.232945896311986,-0.917122674135936
legendre:3,global,ar_irls,HbO,25,48,19,0.0032954606839992,0.1203322487796482,6.066988803535768,0.5535086888349914,74,-0.2358616626996695,-0.8862438116457266
legendre:3,global,ar_irls,HbR,25,48,13,-0.0044295357967765,0.046726419937204,5.1585644836116,0.5535086888349914,74,-0.2358616626996695,-0.8862438116457266
legendre:3,global,ols,HbO,25,48,28,-3.7585675312830816e-17,0.1325295493537897,6.212427942845265,0.3751862771595711,74,-0.4198828502162815,-0.9070948095335746
legendre:3,global,ols,HbR,25,48,19,-2.3852447794681098e-17,0.0631659197945005,5.0782758727923945,0.3751862771595711,74,-0.4198828502162815,-0.9070948095335746
bspline:5,baseline,ar_irls,HbO,25,48,31,0.0643119939478811,0.1607194037772486,5.084191113858434,0.5133321407220884,74,-0.1502926102878204,-0.8939419027638995
bspline:5,baseline,ar_irls,HbR,25,48,18,-0.0121673429987404,0.0610826624171303,5.715570657098605,0.5133321407220884,74,-0.1502926102878204,-0.8939419027638995
bspline:5,baseline,ols,HbO,25,48,29,0.0785701809691575,0.1907749720593165,5.036141612742899,0.5253130414592929,74,-0.1734723017763903,-0.8744420053893884
bspline:5,baseline,ols,HbR,25,48,19,-0.0136259243602854,0.0685760744126035,5.7282844567130295,0.5253130414592929,74,-0.1734723017763903,-0.8744420053893884
bspline:5,global,ar_irls,HbO,25,48,13,0.0013544020325934,0.1102845797059582,5.372295960386143,0.5408047609441022,74,-0.4079631396789119,-0.88493042586141
bspline:5,global,ar_irls,HbR,25,48,9,-0.0031310581835749,0.0449920433950119,5.092425607643124,0.5408047609441022,74,-0.4079631396789119,-0.88493042586141
bspline:5,global,ols,HbO,25,48,20,5.782411586589358e-19,0.1119284598355446,5.181754301218045,0.5142331855713813,74,-0.2832747741411182,-0.8818269497319681
bspline:5,global,ols,HbR,25,48,16,-1.3588667228484988e-17,0.0493434374291458,5.23118563620664,0.5142331855713813,74,-0.2832747741411182,-0.8818269497319681
bspline:8,baseline,ar_irls,HbO,25,48,30,0.0635711229850167,0.1603582079998562,5.136884540946283,0.5347599935585751,74,-0.176624370222388,-0.8870621688580876
bspline:8,baseline,ar_irls,HbR,25,48,17,-0.0115609770924211,0.0604628444964018,5.508437839880724,0.5347599935585751,74,-0.176624370222388,-0.8870621688580876
bspline:8,baseline,ols,HbO,25,48,30,0.0775073441025653,0.1863176181187607,4.978847803928959,0.5351451508407061,74,-0.1353174109404921,-0.8726075514734072
bspline:8,baseline,ols,HbR,25,48,16,-0.0116151701930634,0.0658157962625095,5.542971894085217,0.5351451508407061,74,-0.1353174109404921,-0.8726075514734072
bspline:8,global,ar_irls,HbO,25,48,13,0.0007383347550432,0.1117160044841207,5.140331764219128,0.5393673358906479,74,-0.2918248812679812,-0.8873844415532203
bspline:8,global,ar_irls,HbR,25,48,8,-0.0028647973226477,0.0442910245419305,5.04071600470861,0.5393673358906479,74,-0.2918248812679812,-0.8873844415532203
bspline:8,global,ols,HbO,25,48,18,-2.775557561562892e-17,0.1063191855885779,5.191930323624064,0.4935190106437094,74,-0.2631902793917778,-0.8627767894335421
bspline:8,global,ols,HbR,25,48,16,-9.468698973040073e-18,0.0482233361768817,5.083672638115501,0.4935190106437094,74,-0.2631902793917778,-0.8627767894335421
butter:0.01,baseline,ar_irls,HbO,25,48,27,0.0571809982433488,0.15334042596173,5.032582372959244,0.4432091226002027,74,-0.1596332605206507,-0.876775277572005
butter:0.01,baseline,ar_irls,HbR,25,48,15,-0.0104296826906534,0.0658217190064688,5.47104309424447,0.4432091226002027,74,-0.1596332605206507,-0.876775277572005
butter:0.01,baseline,ols,HbO,25,48,25,0.068845423698191,0.1784308309719627,4.896246396431206,0.3641292247151053,74,-0.1806052994634309,-0.8888339606757418
butter:0.01,baseline,ols,HbR,25,48,12,-0.0074708897133578,0.0710674980096306,5.176724224480713,0.3641292247151053,74,-0.1806052994634309,-0.8888339606757418
butter:0.01,global,ar_irls,HbO,25,48,12,-0.0004746185610668,0.1084457868997486,4.930789714766053,0.4644511217290563,74,-0.289870533606767,-0.8919641231265754
butter:0.01,global,ar_irls,HbR,25,48,8,-0.0032633919275721,0.0529888370766279,5.087771965450435,0.4644511217290563,74,-0.289870533606767,-0.8919641231265754
butter:0.01,global,ols,HbO,25,48,8,3.848194910875217e-16,0.1064634550981558,5.095459814357827,0.3143140608107481,74,-0.4906877252268168,-0.851100343272132
butter:0.01,global,ols,HbR,25,48,13,8.565197162635485e-18,0.056396195999683,5.320658550527235,0.3143140608107481,74,-0.4906877252268168,-0.851100343272132
bandpass:0.01-0.5,baseline,ar_irls,HbO,25,48,0,-4.914824398280338e-07,8.996331231943688e-06,1.9102726568909016,-0.035774375185874,74,-0.2269599993961046,-0.3187694250899426
bandpass:0.01-0.5,baseline,ar_irls,HbR,25,48,0,7.239317246657016e-08,2.2429587006141625e-06,2.149757673908052,-0.035774375185874,74,-0.2269599993961046,-0.3187694250899426
bandpass:0.01-0.5,baseline,ols,HbO,25,48,25,0.0677258576923494,0.1756378295881472,4.973344274553875,0.389098259918786,74,-0.1654062184474696,-0.8906146535140522
bandpass:0.01-0.5,baseline,ols,HbR,25,48,10,-0.0063829979827141,0.0708420969461283,5.0194579647176845,0.389098259918786,74,-0.1654062184474696,-0.8906146535140522
bandpass:0.01-0.5,global,ar_irls,HbO,25,48,0,-1.0931770135674853e-07,5.817107168796764e-06,1.9594953210359,-0.0973980252861977,74,-0.3465446501944722,-0.1504325498475754
bandpass:0.01-0.5,global,ar_irls,HbR,25,48,0,1.0825068855599241e-07,2.680376884576368e-06,2.1165903324828275,-0.0973980252861977,74,-0.3465446501944722,-0.1504325498475754
bandpass:0.01-0.5,global,ols,HbO,25,48,9,3.960951936813709e-16,0.0892561638400377,5.118315220143521,0.3487712545111391,74,-0.5426857497236879,-0.7618832035862534
bandpass:0.01-0.5,global,ols,HbR,25,48,15,8.023096076392733e-18,0.0588612830329855,4.902689295100236,0.3487712545111391,74,-0.5426857497236879,-0.7618832035862534
lowpass:0.5,baseline,ar_irls,HbO,25,48,0,-2.80072346779168e-07,1.0593431480725032e-05,2.023559875600377,-0.0848981496736725,74,-0.3448059087416464,-0.3766095308365779
lowpass:0.5,baseline,ar_irls,HbR,25,48,0,9.11601781471104e-08,2.4405962856940405e-06,2.019175104218586,-0.0848981496736725,74,-0.3448059087416464,-0.3766095308365779
lowpass:0.5,baseline,ols,HbO,25,48,16,0.0661989235390113,0.2260277027167115,5.541819305783778,0.4602902594772454,74,-0.3474056688580859,-0.7157464849410502
lowpass:0.5,baseline,ols,HbR,25,48,11,-0.0257885676773633,0.0904647269094197,4.483144277402847,0.4602902594772454,74,-0.3474056688580859,-0.7157464849410502
lowpass:0.5,global,ar_irls,HbO,25,48,0,-6.768695198957615e-08,6.341064127975279e-06,1.9282451005993928,-0.0571662464930292,74,-0.1835636000570241,-0.249611596584464
lowpass:0.5,global,ar_irls,HbR,25,48,0,8.631862862386288e-08,2.6387761057452684e-06,2.1093993692774737,-0.0571662464930292,74,-0.1835636000570241,-0.249611596584464
lowpass:0.5,global,ols,HbO,25,48,15,5.377642775528102e-17,0.1733079485331133,6.817678162338894,0.398898155710393,74,-0.3617869850648635,-0.8318606226291272
lowpass:0.5,global,ols,HbR,25,48,16,-5.787832597451785e-17,0.1065602962557491,5.228644064601838,0.398898155710393,74,-0.3617869850648635,-0.8318606226291272
butterxy:0.01,baseline,ar_irls,HbO,25,48,31,0.0634803545096596,0.1654004783247484,4.9815523934862975,0.5213184547978724,74,-0.1309719097753807,-0.8828089849391881
butterxy:0.01,baseline,ar_irls,HbR,25,48,17,-0.0117129549549545,0.0659033235164589,5.43930940093428,0.5213184547978724,74,-0.1309719097753807,-0.8828089849391881
butterxy:0.01,baseline,ols,HbO,25,48,28,0.0773918279478875,0.1944174887517301,5.099220839276845,0.5275731087317472,74,-0.1715180543342874,-0.874252054036867
butterxy:0.01,baseline,ols,HbR,25,48,16,-0.0119765718473259,0.0745973730812999,5.712213103570778,0.5275731087317472,74,-0.1715180543342874,-0.874252054036867
butterxy:0.01,global,ar_irls,HbO,25,48,13,0.0004541659486178,0.1117166628238683,5.178108589375928,0.5194310535874456,74,-0.2790703241996878,-0.8817939027912725
butterxy:0.01,global,ar_irls,HbR,25,48,8,-0.002865608614094,0.0462613259376307,4.9694525846304805,0.5194310535874456,74,-0.2790703241996878,-0.8817939027912725
butterxy:0.01,global,ols,HbO,25,48,18,-2.0932329943453476e-16,0.1136820066259073,5.64946023000895,0.4615306518748713,74,-0.2808761173168812,-0.8580363055146722
butterxy:0.01,global,ols,HbR,25,48,16,2.244298497044994e-16,0.0547091655085051,5.015153571863072,0.4615306518748713,74,-0.2808761173168812,-0.8580363055146722
