dataset,n_channels,n_visible_vertices,alpha_spatial,alpha_meas_mode,alpha_meas,r,peak,truth_peak,peak_ratio,loc_err_mm,target_uM
multisubject_fingertapping,28,3083,,est,8.860165425181695,0.49404507919369206,5.1345453609485485,3.7852873993481944,1.3564479573817008,8.628694359736828,0.6
multisubject_fingertapping,28,3083,,0.001,0.001,0.5776244179842831,5.712370772280536,3.7852873993481944,1.5090982981276864,8.628694359736828,0.6
multisubject_fingertapping,28,3083,,1.0,1.0,0.49966457648333534,5.361665907356618,3.7852873993481944,1.416448829824617,8.628694359736828,0.6
multisubject_fingertapping,28,3083,0.001,est,8.860165425181695,0.4504672467041947,6.87273286693368,3.7852873993481944,1.815643606907398,14.576877027378446,0.6
multisubject_fingertapping,28,3083,0.001,0.001,0.001,0.5050529423066521,7.63236582756179,3.7852873993481944,2.016323999302151,14.576877027378446,0.6
multisubject_fingertapping,28,3083,0.001,1.0,1.0,0.46529335265193644,7.306170800336699,3.7852873993481944,1.930149557889523,14.576877027378446,0.6
multisubject_fingertapping,28,3083,0.01,est,8.860165425181695,0.5903826527292563,3.3653958041180525,3.7852873993481944,0.8890727305666553,14.00145494470394,0.6
multisubject_fingertapping,28,3083,0.01,0.001,0.001,0.6504879289981527,3.685835750409488,3.7852873993481944,0.9737267904794147,13.165978519894074,0.6
multisubject_fingertapping,28,3083,0.01,1.0,1.0,0.6036451887525435,3.5365471073874795,3.7852873993481944,0.9342876073284299,14.00145494470394,0.6
