family,window_s,chromo,noise_model,n_channels,n_regressors,r2_med,r2_adj_med,resid_rms_med,lowfreq_frac_med
none,368.0,HbO,ar_irls,20,2,0.023063990029709103,0.022768486094448925,0.5288802084766271,0.21977396367554758
none,368.0,HbR,ar_irls,20,2,-0.302925779180815,-0.3033198886119042,0.22382019304156886,0.36175252225234306
poly:1,368.0,HbO,ar_irls,20,3,0.11130033855375654,0.11076254753321418,0.507843847412358,0.2203564813086452
poly:1,368.0,HbR,ar_irls,20,3,0.4439983108431424,0.4436618499117313,0.13253942645272193,0.33352001034544265
poly:3,368.0,HbO,ar_irls,20,5,0.2091195239228537,0.20816175162363826,0.47125586054839047,0.22178227349901047
poly:3,368.0,HbR,ar_irls,20,5,0.5230678084779663,0.5224902339196593,0.1279639808913302,0.32304954582147644
poly:5,368.0,HbO,ar_irls,20,7,0.180224463250853,0.17873441380508054,0.4774144037209036,0.22524543672455827
poly:5,368.0,HbR,ar_irls,20,7,0.6373414266868811,0.636682247214031,0.12372081203882979,0.3070915236989832
dct:0.01,368.0,HbO,ar_irls,20,9,0.305654127923752,0.3039703549693386,0.43857372600863753,0.19512869642581657
dct:0.01,368.0,HbR,ar_irls,20,9,0.6736025958414308,0.6728110895567176,0.11189287614575055,0.3172962779502996
dct:0.02,368.0,HbO,ar_irls,20,16,0.382255925137917,0.3794411738855078,0.40978658664884315,0.05579245382383107
dct:0.02,368.0,HbR,ar_irls,20,16,0.7487587323914702,0.7476139514029745,0.0896365823784539,0.05569547697857609
legendre:3,368.0,HbO,ar_irls,20,5,0.20911952392284222,0.20816175162362677,0.47125586054838975,0.22178227349901694
legendre:3,368.0,HbR,ar_irls,20,5,0.5230678084779665,0.5224902339196595,0.1279639808913305,0.3230495458214764
bspline:5,368.0,HbO,ar_irls,20,6,0.2262928774634399,0.22512130398897506,0.46551239976019615,0.21775229095045728
bspline:5,368.0,HbR,ar_irls,20,6,0.5489517180992924,0.5482687255464447,0.12399513125528608,0.32295713574559826
butter:0.01,368.0,HbO,ar_irls,20,2,0.041672496426150174,0.04138262119820896,0.4242033544585888,0.11596261889859857
butter:0.01,368.0,HbR,ar_irls,20,2,0.20450552118587528,0.20426489974642753,0.10021250769818421,0.2115562274955855
none,90.0,HbO,ar_irls,20,2,-0.004692046300185049,-0.0059370178569386756,0.4906695547376997,0.07229362012936033
none,90.0,HbR,ar_irls,20,2,-0.0100278398939464,-0.011279423338672379,0.13729154994196094,0.1964179278167244
poly:1,90.0,HbO,ar_irls,20,3,0.05972126812801215,0.05738807028217591,0.4608029167303722,0.09158209197357296
poly:1,90.0,HbR,ar_irls,20,3,0.1592530309669919,0.1571668102001606,0.13117691917099547,0.11954531257082796
poly:3,90.0,HbO,ar_irls,20,5,-0.9261332203049429,-0.9357159726447686,0.639870917386792,0.3590653584999374
poly:3,90.0,HbR,ar_irls,20,5,0.26194643234489706,0.25827452404810547,0.09642119004434524,0.046417589272633855
poly:5,90.0,HbO,ar_irls,20,7,-135.8290028714468,-136.85266124704367,6.065238056831854,0.956784361292409
poly:5,90.0,HbR,ar_irls,20,7,0.40531892400084507,0.4008699383948664,0.10013802919596532,0.009015533998137013
dct:0.01,90.0,HbO,ar_irls,20,3,-0.0046920463001784984,-0.007185078673131784,0.4906695547377,0.07229362012926395
dct:0.01,90.0,HbR,ar_irls,20,3,-0.010027839893881674,-0.012534112449449686,0.13729154994196477,0.1964179278149763
dct:0.02,90.0,HbO,ar_irls,20,5,0.1573499220695162,0.15315763312458847,0.4637550904429403,0.05601997744047549
dct:0.02,90.0,HbR,ar_irls,20,5,0.18948990130808624,0.1854575127573802,0.12518339090133443,0.1168151609004289
legendre:3,90.0,HbO,ar_irls,20,5,-0.9261332203087862,-0.935715972648631,0.6398709173870633,0.35906535849927546
legendre:3,90.0,HbR,ar_irls,20,5,0.2619464323449059,0.2582745240481144,0.09642119004434617,0.046417589272635146
bspline:5,90.0,HbO,ar_irls,20,6,-0.4596645348337757,-0.46875335510048666,0.5858523685668857,0.16586652542543662
bspline:5,90.0,HbR,ar_irls,20,6,0.41905185291317243,0.41543449209694067,0.09481204742824981,0.009977186922811708
butter:0.01,90.0,HbO,ar_irls,20,2,-0.35284775489613385,-0.35452414616614136,0.6466650794048425,0.14974726992534398
butter:0.01,90.0,HbR,ar_irls,20,2,-0.00975474897513795,-0.011005994017238563,0.1198519126111987,0.24630164973200042
