family,window_s,constellation,motion,noise_model,chromo,n_seeds,n_channels,beta_true_peak,bias_med,absbias_med,var_med,rmse_med,rmse_mean,r2_med,r2_adj_med,resid_rms_med,resid_err_corr,hbo_hbr_corr,hbr_hbo_ratio_med
butterxy:0.01,90.0,short_avg,wavelet,ar_irls,HbO,4,20,0.5999999999999999,-0.04649159568247213,0.05249133841696682,0.006133447389536366,0.09288147509848876,0.1595050252216407,0.8125504478216028,0.8120853124563959,0.2201557392303129,0.25116353860755064,-0.5690887639522249,-0.5821526197487127
butterxy:0.01,90.0,global,wavelet,ar_irls,HbO,4,20,0.5999999999999999,-0.054411527595624246,0.06551592044683777,0.007098007799750093,0.1141225227359339,0.12385371393233428,0.8418616153275658,0.8414692123879319,0.1893095769435391,0.09326151894112747,-0.8226708821742,-0.5019355250200483
butterxy:0.01,90.0,short_maxcorr,wavelet,ar_irls,HbO,4,20,0.5999999999999999,0.04412121956153109,0.0529224627411662,0.00788562942665844,0.11740125346303286,0.12954264997074122,0.7451731221685068,0.7445407974096199,0.25064854823699934,0.231740137326093,-0.7660731626446906,-0.3846317441600628
butterxy:0.01,90.0,short_maxcorr,tddr+wavelet,ar_irls,HbO,4,20,0.5999999999999999,-0.11057848128977985,0.11057848128977985,0.00332752889859521,0.1426132441856694,0.14995464138557565,0.7823042774447724,0.781764089547613,0.17769181732035388,-0.0935812158577155,-0.6604798622552189,-0.390397821417642
butterxy:0.01,90.0,baseline,tddr+wavelet,ar_irls,HbO,4,20,0.5999999999999999,-0.08713777807598198,0.09200072971448713,0.021380272020262683,0.17425483518493962,0.1868506783198647,-0.2300937816262032,-0.23161806140517005,0.4622089765497585,0.0696614748277782,-0.7023238389753766,-0.3182218827146436
butterxy:0.01,90.0,global,tddr+wavelet,ar_irls,HbO,4,20,0.5999999999999999,-0.12170141969337553,0.12170141969337553,0.004188074598570222,0.17427000304226653,0.1552324508261398,0.8202380373968474,0.8197919779362937,0.16821510717341767,0.26329226733543354,-0.6448448845031025,-0.5078359277452009
butterxy:0.01,90.0,short_avg,tddr+wavelet,ar_irls,HbO,4,20,0.5999999999999999,-0.11697417800334547,0.11697417800334547,0.008380649484990958,0.1759802963297759,0.16928917627296108,0.783310738379104,0.7827730479036179,0.1916413283402118,0.12145224787591154,-0.6266699873483887,-0.4642936391788908
butterxy:0.01,90.0,motion,tddr+wavelet,ar_irls,HbO,4,20,0.5999999999999999,-0.03227994410805603,0.044828158237471036,0.036714580011807676,0.20043132960436133,0.20507866981087602,-0.07028704072737102,-0.07964036068378988,0.43380726870141373,0.22303331979859245,-0.5742108962646206,-0.29962564202126374
butterxy:0.01,90.0,baseline,wavelet,ar_irls,HbO,4,20,0.5999999999999999,0.08346929986433022,0.08346929986433022,0.12633869831755656,0.35812903012293285,0.3622803496867406,-0.4728363653139731,-0.47466144135525434,0.6743688461956321,0.31380935660362197,-0.7743153668812339,-0.32354952388443015
butterxy:0.01,90.0,motion,wavelet,ar_irls,HbO,4,20,0.5999999999999999,0.08835102001284095,0.08835102001284095,0.13330472326663068,0.37185383186331006,0.36603989555202227,-0.31257210201346786,-0.324042769571638,0.6305530375260823,0.3801760097320536,-0.711287781940238,-0.31796622925574125
butterxy:0.01,180.0,short_avg,wavelet,ar_irls,HbO,4,20,0.5999999999999999,-0.026670365678891556,0.030858840776006508,0.0019096995708875147,0.05115278768030872,0.07783051843535786,0.7630558519494439,0.7627624226639325,0.210301602144437,0.1817430472339143,-0.9828248577713048,-0.6261083639189331
butterxy:0.01,180.0,short_maxcorr,wavelet,ar_irls,HbO,4,20,0.5999999999999999,-0.006419233370847488,0.03302762118273023,0.001499333009621382,0.05923060383944505,0.06985709970184092,0.7814653763830246,0.7811947452701863,0.19423218514476318,0.24854502302418172,-0.9599403692926931,-0.5001415515974152
butterxy:0.01,180.0,global,wavelet,ar_irls,HbO,4,20,0.5999999999999999,-2.968920589341284e-05,0.033345112532474824,0.001834241169490697,0.06245166679754001,0.06602374527661871,0.7899389289968041,0.789678791447574,0.17369437119750386,0.044391827568890464,-0.9455888517904795,-0.4895019575708889
butterxy:0.01,180.0,global,tddr+wavelet,ar_irls,HbO,4,20,0.5999999999999999,-0.0992105979542593,0.0992105979542593,0.0006032319916361832,0.10590043283123546,0.1059399017437406,0.8016202484444692,0.801374576925515,0.14614664324557908,-0.1678386726769189,-0.9426659406751918,-0.49037949030051947
butterxy:0.01,180.0,baseline,tddr+wavelet,ar_irls,HbO,4,20,0.5999999999999999,-0.05122818533769724,0.05122818533769724,0.006434256083117017,0.11123966464789817,0.10573382505625473,0.07401119617634311,0.07343818330268981,0.32915907690674967,-0.06036291894907994,-0.9404437754440784,-0.3868633794757804
butterxy:0.01,180.0,motion,tddr+wavelet,ar_irls,HbO,4,20,0.5999999999999999,-0.05647138596958806,0.058782197213554224,0.007498400380989296,0.12561152356200256,0.11427619024309114,0.0684197167457471,0.0643693676881199,0.3274699602593565,-0.03739730929471978,-0.9239373719508743,-0.39629448082832186
butterxy:0.01,180.0,short_avg,tddr+wavelet,ar_irls,HbO,4,20,0.5999999999999999,-0.12629764198446833,0.12629764198446833,0.000555875854851566,0.127448340342414,0.1212139215224026,0.7518168179635318,0.7515094703696785,0.17522622292793288,-0.19924556077545064,-0.9342810273239672,-0.4731169183542199
butterxy:0.01,180.0,short_maxcorr,tddr+wavelet,ar_irls,HbO,4,20,0.5999999999999999,-0.12469029101797385,0.12469029101797385,0.0008846157394902868,0.12825742002354623,0.12976546907323114,0.7304762720659957,0.7301424965515264,0.1751748460891256,-0.3030532658302685,-0.9256356073894431,-0.4995145983950138
butterxy:0.01,180.0,motion,wavelet,ar_irls,HbO,4,20,0.5999999999999999,0.08397437769468655,0.08397437769468655,0.03312552221395566,0.1876085522437958,0.20003836960002747,0.07470603829600714,0.07068302107120716,0.3930999216313364,0.2675703954411759,-0.9370572460175448,-0.3901936268181768
butterxy:0.01,180.0,baseline,wavelet,ar_irls,HbO,4,20,0.5999999999999999,0.09113415049203535,0.09113415049203535,0.030806242704200962,0.19083198589110423,0.19939085027500386,0.08592551531201431,0.08535987516059851,0.394710983410659,0.26694684255688944,-0.9376679153940123,-0.38944943029740975
butterxy:0.01,368.0,short_avg,wavelet,ar_irls,HbO,4,20,0.5999999999999999,-0.00993080557164333,0.02893572489827867,0.0010566928025186077,0.045284864806673104,0.05580242575752994,0.7797470313506103,0.7796137466494609,0.2079597857188218,0.4353076312953733,-0.9429189026359913,-0.4004562816500392
butterxy:0.01,368.0,short_maxcorr,wavelet,ar_irls,HbO,4,20,0.5999999999999999,-0.010031115497085047,0.024480623293102688,0.0011744334021465588,0.05107538938011049,0.05134700401472177,0.7287875268421602,0.7286234043167998,0.22973481973861826,0.26621614508959107,-0.938690292199192,-0.43584625451428505
butterxy:0.01,368.0,global,wavelet,ar_irls,HbO,4,20,0.5999999999999999,0.003303260852160289,0.03766231031758893,0.0009168253855383847,0.05161390710603547,0.05486776182833002,0.8080606432356496,0.8079444923389693,0.183149008797654,0.32382536006263907,-0.9445590972132655,-0.3844608165953891
butterxy:0.01,368.0,motion,wavelet,ar_irls,HbO,4,20,0.5999999999999999,-0.017030838842832893,0.025186592546258213,0.004375885497533713,0.08201057773234202,0.08572809331282652,0.0628079954748309,0.060820012434929016,0.42307659578572354,0.24358175350313324,-0.957427071492578,-0.45865188612382446
butterxy:0.01,368.0,baseline,wavelet,ar_irls,HbO,4,20,0.5999999999999999,-0.02619711967099954,0.029470532234694757,0.005315119053833153,0.08268257963067172,0.08845868281175111,0.03409686025569186,0.033804693546755304,0.4268790454333155,0.20549981870300166,-0.9601544446896814,-0.4710287028495319
butterxy:0.01,368.0,short_maxcorr,tddr+wavelet,ar_irls,HbO,4,20,0.5999999999999999,-0.09613611945310038,0.09613611945310038,0.0010776309670305017,0.10601503930252443,0.11410386970938684,0.7514663614087562,0.7513159628377479,0.18369554218107959,-0.1505434288042552,-0.9375354740571745,-0.4373800678495028
butterxy:0.01,368.0,short_avg,tddr+wavelet,ar_irls,HbO,4,20,0.5999999999999999,-0.10264652973215607,0.10264652973215607,0.000931204302721261,0.10641513966614415,0.10298623240951807,0.7387919026939124,0.7386338342537877,0.18323131640383478,-0.2066274089075831,-0.8993618169334199,-0.37354274094783657
butterxy:0.01,368.0,motion,tddr+wavelet,ar_irls,HbO,4,20,0.5999999999999999,-0.08841854396163767,0.08841854396163767,0.0033395556384835665,0.10687854553343201,0.11201885369208191,0.05077865379612917,0.04876515397084824,0.35614839576734003,-0.06260441443127537,-0.9731166115621868,-0.4417314881307214
butterxy:0.01,368.0,global,tddr+wavelet,ar_irls,HbO,4,20,0.5999999999999999,-0.09859618261118511,0.09859618261118511,0.0012965607477317394,0.10776270566473387,0.10339666578475278,0.7967386919059343,0.7966156896014901,0.15695185244573143,-0.12076459304174704,-0.9449350395954497,-0.39466950832854913
butterxy:0.01,368.0,baseline,tddr+wavelet,ar_irls,HbO,4,20,0.5999999999999999,-0.08829370769851427,0.08829370769851427,0.0032607006671502787,0.10778029670750566,0.11246583577737061,0.036958396240149405,0.03666709508958682,0.35595895126039373,-0.05273639925741476,-0.961061883230897,-0.4577161448025685
butterxy:0.01,90.0,short_avg,tddr+wavelet,ar_irls,HbR,4,20,-0.23999999999999902,0.025323147498653185,0.03235669188853044,0.0011234242608910315,0.0562324090023741,0.06458609346833394,-0.47798398303045564,-0.48165143708264035,0.11766132939939664,0.39527425064485433,-0.6266699873483887,-0.4642936391788908
butterxy:0.01,90.0,global,tddr+wavelet,ar_irls,HbR,4,20,-0.23999999999999902,0.016552696188519275,0.02648819462107739,0.0009009570561896656,0.05700621797190322,0.05692061191896532,0.22205757600021286,0.22012719777688838,0.08817134063621843,0.32932968426084785,-0.6448448845031025,-0.5078359277452009
butterxy:0.01,90.0,baseline,wavelet,ar_irls,HbR,4,20,-0.23999999999999902,0.0017703591473747851,0.02319765571770621,0.0022997735029522625,0.05915680762397082,0.06973084521395087,0.009041413134021237,0.007813459494782127,0.11859456158956617,0.6242852537826776,-0.7743153668812339,-0.32354952388443015
butterxy:0.01,90.0,baseline,tddr+wavelet,ar_irls,HbR,4,20,-0.23999999999999902,0.03732867073841881,0.03732867073841881,0.0006845240496487183,0.05982516189010459,0.06283747045432309,0.013059700340864178,0.01183672599184421,0.09175443699256672,0.3741332180901986,-0.7023238389753766,-0.3182218827146436
butterxy:0.01,90.0,motion,tddr+wavelet,ar_irls,HbR,4,20,-0.23999999999999902,0.0356625774922695,0.0356625774922695,0.0008166639049941172,0.06048338013949964,0.06509100120539776,0.04849218193812027,0.04017688265418379,0.0897377375555747,0.3936547318963819,-0.5742108962646206,-0.29962564202126374
butterxy:0.01,90.0,motion,wavelet,ar_irls,HbR,4,20,-0.23999999999999902,0.006372731377957339,0.028028457254933206,0.002258106020623487,0.06114596024793171,0.06790086346282606,0.04591327538861689,0.03757543884394815,0.11621314501815473,0.6125678829477201,-0.711287781940238,-0.31796622925574125
butterxy:0.01,90.0,short_maxcorr,tddr+wavelet,ar_irls,HbR,4,20,-0.23999999999999902,0.03007691395220309,0.03184649654348937,0.0010078398604084792,0.06449540974634244,0.06143102759834205,0.15564628286649945,0.1535511123525206,0.09194731418349453,0.32484303565376005,-0.6604798622552189,-0.390397821417642
butterxy:0.01,90.0,global,wavelet,ar_irls,HbR,4,20,-0.23999999999999902,-0.022909820840586154,0.022909820840586154,0.0034130894370275043,0.07064311447355406,0.0810125797353797,0.10199848191651611,0.09977019030836853,0.11759189464838277,0.5880770239631974,-0.8226708821742,-0.5019355250200483
butterxy:0.01,90.0,short_maxcorr,wavelet,ar_irls,HbR,4,20,-0.23999999999999902,-0.01550968506938702,0.023329087979382088,0.00471311875243766,0.0868493358702983,0.08930604833449808,-0.020850100093017798,-0.023383226892256137,0.12490223044783619,0.6783090653882426,-0.7660731626446906,-0.3846317441600628
butterxy:0.01,90.0,short_avg,wavelet,ar_irls,HbR,4,20,-0.23999999999999902,-0.046828997579492146,0.046828997579492146,0.009393962327369478,0.11138914295754475,0.1199336195739357,-0.6405373570454445,-0.6446081693458052,0.1606430269324771,0.5081564203705569,-0.5690887639522249,-0.5821526197487127
butterxy:0.01,180.0,baseline,tddr+wavelet,ar_irls,HbR,4,20,-0.23999999999999902,0.024414354080040307,0.02703732063391269,7.427588898275857e-05,0.02888201499259975,0.03022324958570118,0.12943746238073922,0.12889874793914313,0.08120988783073416,0.09236582753810334,-0.9404437754440784,-0.3868633794757804
butterxy:0.01,180.0,motion,tddr+wavelet,ar_irls,HbR,4,20,-0.23999999999999902,0.024228586474978664,0.0255897668576843,8.167733810851024e-05,0.0314186847980252,0.0305625941928587,0.1436957637002576,0.13997270180330218,0.08044208818233264,0.09058260101254482,-0.9239373719508743,-0.39629448082832186
butterxy:0.01,180.0,global,tddr+wavelet,ar_irls,HbR,4,20,-0.23999999999999902,0.011272561608141891,0.012003298374915747,0.00027870527166380015,0.03197894856903323,0.03183219297158308,0.3824922709558963,0.38172755550197174,0.06960329350057382,0.1414717050547523,-0.9426659406751918,-0.49037949030051947
butterxy:0.01,180.0,motion,wavelet,ar_irls,HbR,4,20,-0.23999999999999902,-0.030364133832553777,0.030364133832553777,0.00034562317990796497,0.033015949796874576,0.041826205549831276,0.1561331068533886,0.1524641203614468,0.10236180523465799,0.23819855956368713,-0.9370572460175448,-0.3901936268181768
butterxy:0.01,180.0,short_maxcorr,tddr+wavelet,ar_irls,HbR,4,20,-0.23999999999999902,0.025815675494282625,0.026066281625089227,0.00012797326268430598,0.0342309577818244,0.03328846947940392,0.18318358793711825,0.18217205058471836,0.08025482581408178,0.17974920002474862,-0.9256356073894431,-0.4995145983950138
butterxy:0.01,180.0,short_avg,tddr+wavelet,ar_irls,HbR,4,20,-0.23999999999999902,0.028139668485320027,0.028139668485320027,0.00017513058677339985,0.036959340640178494,0.037460854676351504,-0.07918930852175154,-0.08052576586976612,0.09376415900818036,0.062147312604394066,-0.9342810273239672,-0.4731169183542199
butterxy:0.01,180.0,baseline,wavelet,ar_irls,HbR,4,20,-0.23999999999999902,-0.029838589682106835,0.029838589682106835,0.00043907811845024427,0.03777794550880181,0.04201321450376144,0.1345830803803763,0.13404755010833452,0.1039137708623657,0.2048577694428786,-0.9376679153940123,-0.38944943029740975
butterxy:0.01,180.0,short_maxcorr,wavelet,ar_irls,HbR,4,20,-0.23999999999999902,-0.027476447650045505,0.027476447650045505,0.0006795999015196202,0.04206730146523871,0.04738420870380287,0.2651312396693108,0.2642211854769508,0.10395723442246638,0.39736909036968154,-0.9599403692926931,-0.5001415515974152
butterxy:0.01,180.0,global,wavelet,ar_irls,HbR,4,20,-0.23999999999999902,-0.032217656619311974,0.032217656619311974,0.0008540542251081341,0.0510016689690369,0.049160862271284904,0.3659338887489078,0.365148667558504,0.09124308172087849,0.3654839674369229,-0.9455888517904795,-0.4895019575708889
butterxy:0.01,180.0,short_avg,wavelet,ar_irls,HbR,4,20,-0.23999999999999902,-0.05282732869724254,0.05282732869724254,0.0027894924593861578,0.07652247109888922,0.08142872667448009,-0.2005919586061815,-0.20207875979330991,0.1392450804761539,0.2191039937014687,-0.9828248577713048,-0.6261083639189331
butterxy:0.01,368.0,global,wavelet,ar_irls,HbR,4,20,-0.23999999999999902,0.004748891343146933,0.00949054590018443,0.0005055337683840424,0.025354008041108198,0.02758814014402038,0.2892686194945887,0.28883852486190764,0.0986964174846848,0.37129264831855563,-0.9445590972132655,-0.3844608165953891
butterxy:0.01,368.0,short_maxcorr,wavelet,ar_irls,HbR,4,20,-0.23999999999999902,-0.007779503643750872,0.011316320702598637,0.00038178265555265827,0.02746097013047833,0.027949187464771458,0.2803344547853783,0.2798989536990154,0.10301609921410566,0.2385235823935913,-0.938690292199192,-0.43584625451428505
butterxy:0.01,368.0,short_avg,wavelet,ar_irls,HbR,4,20,-0.23999999999999902,0.0041503767789593735,0.008085460622681742,0.0008101816299080379,0.029259365095854882,0.034057443167308826,-0.17453513644011953,-0.17524589900377474,0.12759508705792058,0.3079467232764896,-0.9429189026359913,-0.4004562816500392
butterxy:0.01,368.0,baseline,tddr+wavelet,ar_irls,HbR,4,20,-0.23999999999999902,0.013608893575120025,0.013608893575120025,0.00020060505660226023,0.030819464049031554,0.028654087463268547,0.18004766733137306,0.17979964787200559,0.08013663891292643,0.25767412557911523,-0.961061883230897,-0.4577161448025685
butterxy:0.01,368.0,motion,tddr+wavelet,ar_irls,HbR,4,20,-0.23999999999999902,0.02145771016760812,0.02145771016760812,0.00018523432258577346,0.032286398842393635,0.030136423451685313,0.18540928314278182,0.18368136344035746,0.07911374658930984,0.24738316283536463,-0.9731166115621868,-0.4417314881307214
butterxy:0.01,368.0,motion,wavelet,ar_irls,HbR,4,20,-0.23999999999999902,-0.020457118106080002,0.020457118106080002,0.00020027424227125917,0.03236131516827542,0.03284368566758799,0.23303778469972447,0.23141089515211782,0.10092716652426911,0.22692007199888373,-0.957427071492578,-0.45865188612382446
butterxy:0.01,368.0,short_maxcorr,tddr+wavelet,ar_irls,HbR,4,20,-0.23999999999999902,0.028760143865663557,0.028760143865663557,0.00021085170077960553,0.03246041945260786,0.035536517054843814,0.21337498214807804,0.2128989609572448,0.08365783671943046,0.22518232171781025,-0.9375354740571745,-0.4373800678495028
butterxy:0.01,368.0,baseline,wavelet,ar_irls,HbR,4,20,-0.23999999999999902,-0.023507409826991753,0.023507409826991753,0.00027667316997992853,0.03270479454471159,0.03403157760120721,0.22022570815060943,0.2199898417586405,0.10088732061467148,0.1720722204635982,-0.9601544446896814,-0.4710287028495319
butterxy:0.01,368.0,global,tddr+wavelet,ar_irls,HbR,4,20,-0.23999999999999902,0.03491702235936094,0.03491702235936094,0.000247734730858164,0.043767618979103,0.044944131135423594,0.3024438557843767,0.3020217340632175,0.07712299153728833,0.09267210241503779,-0.9449350395954497,-0.39466950832854913
butterxy:0.01,368.0,short_avg,tddr+wavelet,ar_irls,HbR,4,20,-0.23999999999999902,0.040735501983857635,0.040735501983857635,0.0002803466184679303,0.050079339333767965,0.04906886737674435,0.00021386650328736323,-0.0003911477983747913,0.09204995508460705,0.07956916747931621,-0.8993618169334199,-0.37354274094783657
